ts,iso,port,address,kind,name,value,unit,extra
1758486720.887,2025-09-21 22:32:00,/dev/ttyUSB1,5,setpoint,fSetpoint,10.0,,
1758486767.087,2025-09-21 22:32:47,/dev/ttyUSB1,5,measure,fMeasure,7.10999,,42 samples
1758486827.284,2025-09-21 22:33:47,/dev/ttyUSB1,5,measure,fMeasure,9.99224,,47 samples
1758486887.489,2025-09-21 22:34:47,/dev/ttyUSB1,5,measure,fMeasure,9.99394,,36 samples
1758486947.684,2025-09-21 22:35:47,/dev/ttyUSB1,5,measure,fMeasure,9.99452,,53 samples
1758487007.883,2025-09-21 22:36:47,/dev/ttyUSB1,5,measure,fMeasure,9.99496,,64 samples
1758487067.884,2025-09-21 22:37:47,/dev/ttyUSB1,5,measure,fMeasure,9.99649,,51 samples
1758487128.083,2025-09-21 22:38:48,/dev/ttyUSB1,5,measure,fMeasure,9.99670,,59 samples
1758487188.083,2025-09-21 22:39:48,/dev/ttyUSB1,5,measure,fMeasure,9.99581,,55 samples
1758487248.083,2025-09-21 22:40:48,/dev/ttyUSB1,5,measure,fMeasure,9.99704,,40 samples
1758487308.086,2025-09-21 22:41:48,/dev/ttyUSB1,5,measure,fMeasure,9.99700,,49 samples
1758487368.086,2025-09-21 22:42:48,/dev/ttyUSB1,5,measure,fMeasure,9.99659,,53 samples
1758487428.283,2025-09-21 22:43:48,/dev/ttyUSB1,5,measure,fMeasure,9.99747,,46 samples
1758487488.483,2025-09-21 22:44:48,/dev/ttyUSB1,5,measure,fMeasure,9.99692,,44 samples
1758487548.485,2025-09-21 22:45:48,/dev/ttyUSB1,5,measure,fMeasure,9.99765,,55 samples
1758487608.682,2025-09-21 22:46:48,/dev/ttyUSB1,5,measure,fMeasure,9.99749,,49 samples
1758487668.686,2025-09-21 22:47:48,/dev/ttyUSB1,5,measure,fMeasure,9.99898,,41 samples
1758487728.883,2025-09-21 22:48:48,/dev/ttyUSB1,5,measure,fMeasure,9.99739,,48 samples
1758487788.883,2025-09-21 22:49:48,/dev/ttyUSB1,5,measure,fMeasure,9.99847,,56 samples
1758487849.082,2025-09-21 22:50:49,/dev/ttyUSB1,5,measure,fMeasure,9.99909,,49 samples
1758487909.083,2025-09-21 22:51:49,/dev/ttyUSB1,5,measure,fMeasure,9.99763,,63 samples
1758487969.283,2025-09-21 22:52:49,/dev/ttyUSB1,5,measure,fMeasure,9.99792,,48 samples
1758488029.283,2025-09-21 22:53:49,/dev/ttyUSB1,5,measure,fMeasure,9.99938,,45 samples
1758488089.283,2025-09-21 22:54:49,/dev/ttyUSB1,5,measure,fMeasure,9.99881,,34 samples
1758488149.483,2025-09-21 22:55:49,/dev/ttyUSB1,5,measure,fMeasure,9.99909,,47 samples
1758488209.484,2025-09-21 22:56:49,/dev/ttyUSB1,5,measure,fMeasure,9.99843,,57 samples
1758488269.682,2025-09-21 22:57:49,/dev/ttyUSB1,5,measure,fMeasure,9.99803,,48 samples
1758488329.683,2025-09-21 22:58:49,/dev/ttyUSB1,5,measure,fMeasure,9.99927,,38 samples
1758488389.884,2025-09-21 22:59:49,/dev/ttyUSB1,5,measure,fMeasure,9.99921,,53 samples
1758488449.886,2025-09-21 23:00:49,/dev/ttyUSB1,5,measure,fMeasure,9.99957,,55 samples
1758488510.083,2025-09-21 23:01:50,/dev/ttyUSB1,5,measure,fMeasure,9.99870,,44 samples
1758488570.083,2025-09-21 23:02:50,/dev/ttyUSB1,5,measure,fMeasure,9.99964,,51 samples
1758488630.083,2025-09-21 23:03:50,/dev/ttyUSB1,5,measure,fMeasure,9.99938,,49 samples
1758488690.284,2025-09-21 23:04:50,/dev/ttyUSB1,5,measure,fMeasure,9.99936,,42 samples
1758488750.483,2025-09-21 23:05:50,/dev/ttyUSB1,5,measure,fMeasure,9.99915,,53 samples
1758488810.483,2025-09-21 23:06:50,/dev/ttyUSB1,5,measure,fMeasure,9.99986,,53 samples
1758488870.684,2025-09-21 23:07:50,/dev/ttyUSB1,5,measure,fMeasure,9.99917,,55 samples
1758488930.883,2025-09-21 23:08:50,/dev/ttyUSB1,5,measure,fMeasure,9.99930,,35 samples
1758488991.083,2025-09-21 23:09:51,/dev/ttyUSB1,5,measure,fMeasure,9.99950,,44 samples
1758489051.283,2025-09-21 23:10:51,/dev/ttyUSB1,5,measure,fMeasure,9.99789,,47 samples
1758489111.483,2025-09-21 23:11:51,/dev/ttyUSB1,5,measure,fMeasure,9.99824,,48 samples
1758489171.682,2025-09-21 23:12:51,/dev/ttyUSB1,5,measure,fMeasure,9.99949,,45 samples
1758489231.682,2025-09-21 23:13:51,/dev/ttyUSB1,5,measure,fMeasure,9.99882,,45 samples
1758489291.683,2025-09-21 23:14:51,/dev/ttyUSB1,5,measure,fMeasure,9.99832,,41 samples
1758489351.883,2025-09-21 23:15:51,/dev/ttyUSB1,5,measure,fMeasure,9.99946,,54 samples
1758489412.083,2025-09-21 23:16:52,/dev/ttyUSB1,5,measure,fMeasure,9.99866,,52 samples
1758489472.285,2025-09-21 23:17:52,/dev/ttyUSB1,5,measure,fMeasure,10.00008,,42 samples
1758489532.484,2025-09-21 23:18:52,/dev/ttyUSB1,5,measure,fMeasure,9.99948,,52 samples
1758489592.683,2025-09-21 23:19:52,/dev/ttyUSB1,5,measure,fMeasure,9.99960,,51 samples
1758489652.883,2025-09-21 23:20:52,/dev/ttyUSB1,5,measure,fMeasure,9.99918,,43 samples
1758489713.083,2025-09-21 23:21:53,/dev/ttyUSB1,5,measure,fMeasure,9.99950,,47 samples
1758489773.283,2025-09-21 23:22:53,/dev/ttyUSB1,5,measure,fMeasure,9.99974,,45 samples
1758489833.483,2025-09-21 23:23:53,/dev/ttyUSB1,5,measure,fMeasure,9.99988,,50 samples
1758489893.683,2025-09-21 23:24:53,/dev/ttyUSB1,5,measure,fMeasure,9.99890,,44 samples
1758489953.883,2025-09-21 23:25:53,/dev/ttyUSB1,5,measure,fMeasure,9.99927,,52 samples
1758490013.883,2025-09-21 23:26:53,/dev/ttyUSB1,5,measure,fMeasure,9.99860,,59 samples
1758490074.083,2025-09-21 23:27:54,/dev/ttyUSB1,5,measure,fMeasure,9.99952,,40 samples
1758490134.283,2025-09-21 23:28:54,/dev/ttyUSB1,5,measure,fMeasure,9.99932,,48 samples
1758490194.484,2025-09-21 23:29:54,/dev/ttyUSB1,5,measure,fMeasure,10.00046,,57 samples
1758490254.683,2025-09-21 23:30:54,/dev/ttyUSB1,5,measure,fMeasure,9.99916,,56 samples
1758490314.684,2025-09-21 23:31:54,/dev/ttyUSB1,5,measure,fMeasure,9.99960,,44 samples
1758490374.883,2025-09-21 23:32:54,/dev/ttyUSB1,5,measure,fMeasure,9.99967,,42 samples
1758490435.083,2025-09-21 23:33:55,/dev/ttyUSB1,5,measure,fMeasure,9.99899,,53 samples
1758490495.282,2025-09-21 23:34:55,/dev/ttyUSB1,5,measure,fMeasure,10.00017,,40 samples
1758490555.283,2025-09-21 23:35:55,/dev/ttyUSB1,5,measure,fMeasure,9.99879,,49 samples
1758490615.483,2025-09-21 23:36:55,/dev/ttyUSB1,5,measure,fMeasure,9.99968,,53 samples
1758490675.682,2025-09-21 23:37:55,/dev/ttyUSB1,5,measure,fMeasure,10.00031,,49 samples
1758490735.683,2025-09-21 23:38:55,/dev/ttyUSB1,5,measure,fMeasure,9.99944,,34 samples
1758490795.683,2025-09-21 23:39:55,/dev/ttyUSB1,5,measure,fMeasure,9.99919,,49 samples
1758490855.882,2025-09-21 23:40:55,/dev/ttyUSB1,5,measure,fMeasure,9.99998,,46 samples
1758490915.882,2025-09-21 23:41:55,/dev/ttyUSB1,5,measure,fMeasure,9.99947,,53 samples
1758490975.883,2025-09-21 23:42:55,/dev/ttyUSB1,5,measure,fMeasure,9.99932,,45 samples
1758491036.083,2025-09-21 23:43:56,/dev/ttyUSB1,5,measure,fMeasure,10.00010,,51 samples
1758491096.282,2025-09-21 23:44:56,/dev/ttyUSB1,5,measure,fMeasure,9.99994,,36 samples
1758491156.283,2025-09-21 23:45:56,/dev/ttyUSB1,5,measure,fMeasure,9.99937,,43 samples
1758491216.482,2025-09-21 23:46:56,/dev/ttyUSB1,5,measure,fMeasure,9.99953,,49 samples
1758491276.483,2025-09-21 23:47:56,/dev/ttyUSB1,5,measure,fMeasure,9.99959,,44 samples
1758491336.683,2025-09-21 23:48:56,/dev/ttyUSB1,5,measure,fMeasure,9.99924,,41 samples
1758491396.683,2025-09-21 23:49:56,/dev/ttyUSB1,5,measure,fMeasure,9.99842,,41 samples
1758491456.882,2025-09-21 23:50:56,/dev/ttyUSB1,5,measure,fMeasure,9.99961,,47 samples
1758491516.882,2025-09-21 23:51:56,/dev/ttyUSB1,5,measure,fMeasure,9.99987,,50 samples
1758491577.083,2025-09-21 23:52:57,/dev/ttyUSB1,5,measure,fMeasure,9.99996,,45 samples
1758491637.083,2025-09-21 23:53:57,/dev/ttyUSB1,5,measure,fMeasure,9.99980,,50 samples
1758491697.283,2025-09-21 23:54:57,/dev/ttyUSB1,5,measure,fMeasure,10.00021,,43 samples
1758491757.483,2025-09-21 23:55:57,/dev/ttyUSB1,5,measure,fMeasure,9.99983,,45 samples
1758491817.483,2025-09-21 23:56:57,/dev/ttyUSB1,5,measure,fMeasure,9.99981,,42 samples
1758491877.682,2025-09-21 23:57:57,/dev/ttyUSB1,5,measure,fMeasure,9.99921,,56 samples
1758491937.683,2025-09-21 23:58:57,/dev/ttyUSB1,5,measure,fMeasure,10.00026,,48 samples
1758491997.684,2025-09-21 23:59:57,/dev/ttyUSB1,5,measure,fMeasure,9.99986,,35 samples
1758492057.883,2025-09-22 00:00:57,/dev/ttyUSB1,5,measure,fMeasure,9.99934,,42 samples
1758492118.083,2025-09-22 00:01:58,/dev/ttyUSB1,5,measure,fMeasure,9.99928,,34 samples
1758492178.283,2025-09-22 00:02:58,/dev/ttyUSB1,5,measure,fMeasure,9.99952,,63 samples
1758492238.283,2025-09-22 00:03:58,/dev/ttyUSB1,5,measure,fMeasure,9.99969,,54 samples
1758492298.482,2025-09-22 00:04:58,/dev/ttyUSB1,5,measure,fMeasure,10.00003,,57 samples
1758492358.484,2025-09-22 00:05:58,/dev/ttyUSB1,5,measure,fMeasure,9.99950,,57 samples
1758492418.683,2025-09-22 00:06:58,/dev/ttyUSB1,5,measure,fMeasure,10.00003,,51 samples
1758492478.883,2025-09-22 00:07:58,/dev/ttyUSB1,5,measure,fMeasure,9.99949,,45 samples
1758492538.883,2025-09-22 00:08:58,/dev/ttyUSB1,5,measure,fMeasure,10.00001,,51 samples
1758492599.083,2025-09-22 00:09:59,/dev/ttyUSB1,5,measure,fMeasure,9.99989,,50 samples
1758492659.084,2025-09-22 00:10:59,/dev/ttyUSB1,5,measure,fMeasure,9.99940,,44 samples
1758492719.283,2025-09-22 00:11:59,/dev/ttyUSB1,5,measure,fMeasure,9.99914,,46 samples
1758492779.483,2025-09-22 00:12:59,/dev/ttyUSB1,5,measure,fMeasure,9.99925,,41 samples
1758492839.483,2025-09-22 00:13:59,/dev/ttyUSB1,5,measure,fMeasure,9.99992,,46 samples
1758492899.683,2025-09-22 00:14:59,/dev/ttyUSB1,5,measure,fMeasure,9.99978,,55 samples
1758492959.684,2025-09-22 00:15:59,/dev/ttyUSB1,5,measure,fMeasure,9.99998,,50 samples
1758493019.883,2025-09-22 00:16:59,/dev/ttyUSB1,5,measure,fMeasure,10.00035,,37 samples
1758493079.883,2025-09-22 00:17:59,/dev/ttyUSB1,5,measure,fMeasure,10.00056,,48 samples
1758493139.883,2025-09-22 00:18:59,/dev/ttyUSB1,5,measure,fMeasure,9.99963,,53 samples
1758493199.883,2025-09-22 00:19:59,/dev/ttyUSB1,5,measure,fMeasure,10.00012,,34 samples
1758493260.082,2025-09-22 00:21:00,/dev/ttyUSB1,5,measure,fMeasure,10.00057,,50 samples
1758493320.283,2025-09-22 00:22:00,/dev/ttyUSB1,5,measure,fMeasure,9.99998,,44 samples
1758493380.283,2025-09-22 00:23:00,/dev/ttyUSB1,5,measure,fMeasure,10.00012,,51 samples
1758493440.482,2025-09-22 00:24:00,/dev/ttyUSB1,5,measure,fMeasure,10.00026,,53 samples
1758493500.483,2025-09-22 00:25:00,/dev/ttyUSB1,5,measure,fMeasure,9.99920,,46 samples
1758493560.684,2025-09-22 00:26:00,/dev/ttyUSB1,5,measure,fMeasure,10.00035,,43 samples
1758493620.882,2025-09-22 00:27:00,/dev/ttyUSB1,5,measure,fMeasure,10.00022,,46 samples
1758493680.883,2025-09-22 00:28:00,/dev/ttyUSB1,5,measure,fMeasure,9.99991,,40 samples
1758493740.884,2025-09-22 00:29:00,/dev/ttyUSB1,5,measure,fMeasure,10.00008,,45 samples
1758493801.083,2025-09-22 00:30:01,/dev/ttyUSB1,5,measure,fMeasure,10.00016,,45 samples
1758493861.283,2025-09-22 00:31:01,/dev/ttyUSB1,5,measure,fMeasure,9.99997,,68 samples
1758493921.283,2025-09-22 00:32:01,/dev/ttyUSB1,5,measure,fMeasure,9.99976,,42 samples
1758493981.483,2025-09-22 00:33:01,/dev/ttyUSB1,5,measure,fMeasure,10.00007,,45 samples
1758494041.484,2025-09-22 00:34:01,/dev/ttyUSB1,5,measure,fMeasure,10.00037,,52 samples
1758494101.683,2025-09-22 00:35:01,/dev/ttyUSB1,5,measure,fMeasure,10.00083,,48 samples
1758494161.683,2025-09-22 00:36:01,/dev/ttyUSB1,5,measure,fMeasure,10.00012,,53 samples
1758494221.884,2025-09-22 00:37:01,/dev/ttyUSB1,5,measure,fMeasure,10.00033,,58 samples
1758494282.083,2025-09-22 00:38:02,/dev/ttyUSB1,5,measure,fMeasure,9.99935,,59 samples
1758494342.083,2025-09-22 00:39:02,/dev/ttyUSB1,5,measure,fMeasure,9.99959,,62 samples
1758494402.283,2025-09-22 00:40:02,/dev/ttyUSB1,5,measure,fMeasure,9.99855,,44 samples
1758494462.483,2025-09-22 00:41:02,/dev/ttyUSB1,5,measure,fMeasure,9.99977,,29 samples
1758494522.483,2025-09-22 00:42:02,/dev/ttyUSB1,5,measure,fMeasure,10.00039,,54 samples
1758494582.683,2025-09-22 00:43:02,/dev/ttyUSB1,5,measure,fMeasure,9.99998,,51 samples
1758494642.683,2025-09-22 00:44:02,/dev/ttyUSB1,5,measure,fMeasure,10.00013,,39 samples
1758494702.683,2025-09-22 00:45:02,/dev/ttyUSB1,5,measure,fMeasure,10.00049,,55 samples
1758494762.883,2025-09-22 00:46:02,/dev/ttyUSB1,5,measure,fMeasure,10.00054,,60 samples
1758494823.083,2025-09-22 00:47:03,/dev/ttyUSB1,5,measure,fMeasure,9.99955,,46 samples
1758494883.283,2025-09-22 00:48:03,/dev/ttyUSB1,5,measure,fMeasure,9.99970,,67 samples
1758494943.483,2025-09-22 00:49:03,/dev/ttyUSB1,5,measure,fMeasure,9.99974,,62 samples
1758495003.683,2025-09-22 00:50:03,/dev/ttyUSB1,5,measure,fMeasure,10.00033,,49 samples
1758495063.683,2025-09-22 00:51:03,/dev/ttyUSB1,5,measure,fMeasure,9.99910,,43 samples
1758495123.883,2025-09-22 00:52:03,/dev/ttyUSB1,5,measure,fMeasure,10.00012,,38 samples
1758495184.083,2025-09-22 00:53:04,/dev/ttyUSB1,5,measure,fMeasure,9.99979,,51 samples
1758495244.283,2025-09-22 00:54:04,/dev/ttyUSB1,5,measure,fMeasure,10.00000,,42 samples
1758495304.482,2025-09-22 00:55:04,/dev/ttyUSB1,5,measure,fMeasure,10.00028,,54 samples
1758495364.483,2025-09-22 00:56:04,/dev/ttyUSB1,5,measure,fMeasure,9.99977,,62 samples
1758495424.683,2025-09-22 00:57:04,/dev/ttyUSB1,5,measure,fMeasure,9.99993,,43 samples
1758495484.683,2025-09-22 00:58:04,/dev/ttyUSB1,5,measure,fMeasure,10.00008,,48 samples
1758495544.883,2025-09-22 00:59:04,/dev/ttyUSB1,5,measure,fMeasure,10.00032,,42 samples
1758495604.883,2025-09-22 01:00:04,/dev/ttyUSB1,5,measure,fMeasure,10.00031,,49 samples
1758495665.082,2025-09-22 01:01:05,/dev/ttyUSB1,5,measure,fMeasure,10.00003,,52 samples
1758495725.083,2025-09-22 01:02:05,/dev/ttyUSB1,5,measure,fMeasure,10.00026,,50 samples
1758495785.282,2025-09-22 01:03:05,/dev/ttyUSB1,5,measure,fMeasure,10.00161,,46 samples
1758495845.283,2025-09-22 01:04:05,/dev/ttyUSB1,5,measure,fMeasure,9.99965,,56 samples
1758495905.483,2025-09-22 01:05:05,/dev/ttyUSB1,5,measure,fMeasure,10.00059,,53 samples
1758495965.483,2025-09-22 01:06:05,/dev/ttyUSB1,5,measure,fMeasure,9.99969,,43 samples
1758496025.683,2025-09-22 01:07:05,/dev/ttyUSB1,5,measure,fMeasure,10.00013,,47 samples
1758496085.883,2025-09-22 01:08:05,/dev/ttyUSB1,5,measure,fMeasure,10.00010,,44 samples
1758496145.883,2025-09-22 01:09:05,/dev/ttyUSB1,5,measure,fMeasure,9.99887,,46 samples
1758496206.083,2025-09-22 01:10:06,/dev/ttyUSB1,5,measure,fMeasure,10.00039,,60 samples
1758496266.283,2025-09-22 01:11:06,/dev/ttyUSB1,5,measure,fMeasure,10.00052,,43 samples
1758496326.283,2025-09-22 01:12:06,/dev/ttyUSB1,5,measure,fMeasure,9.99990,,54 samples
1758496386.483,2025-09-22 01:13:06,/dev/ttyUSB1,5,measure,fMeasure,10.00006,,56 samples
1758496446.683,2025-09-22 01:14:06,/dev/ttyUSB1,5,measure,fMeasure,10.00030,,41 samples
1758496506.683,2025-09-22 01:15:06,/dev/ttyUSB1,5,measure,fMeasure,10.00011,,55 samples
1758496566.883,2025-09-22 01:16:06,/dev/ttyUSB1,5,measure,fMeasure,10.00013,,46 samples
1758496627.083,2025-09-22 01:17:07,/dev/ttyUSB1,5,measure,fMeasure,9.99965,,41 samples
1758496687.283,2025-09-22 01:18:07,/dev/ttyUSB1,5,measure,fMeasure,10.00067,,56 samples
1758496747.283,2025-09-22 01:19:07,/dev/ttyUSB1,5,measure,fMeasure,10.00014,,51 samples
1758496807.283,2025-09-22 01:20:07,/dev/ttyUSB1,5,measure,fMeasure,9.99970,,49 samples
1758496867.483,2025-09-22 01:21:07,/dev/ttyUSB1,5,measure,fMeasure,9.99983,,57 samples
1758496927.683,2025-09-22 01:22:07,/dev/ttyUSB1,5,measure,fMeasure,9.99950,,50 samples
1758496987.883,2025-09-22 01:23:07,/dev/ttyUSB1,5,measure,fMeasure,9.99905,,48 samples
1758497048.083,2025-09-22 01:24:08,/dev/ttyUSB1,5,measure,fMeasure,9.99918,,49 samples
1758497108.283,2025-09-22 01:25:08,/dev/ttyUSB1,5,measure,fMeasure,9.99947,,44 samples
1758497168.283,2025-09-22 01:26:08,/dev/ttyUSB1,5,measure,fMeasure,9.99995,,44 samples
1758497228.482,2025-09-22 01:27:08,/dev/ttyUSB1,5,measure,fMeasure,10.00008,,35 samples
1758497288.483,2025-09-22 01:28:08,/dev/ttyUSB1,5,measure,fMeasure,9.99968,,44 samples
1758497348.683,2025-09-22 01:29:08,/dev/ttyUSB1,5,measure,fMeasure,9.99958,,49 samples
1758497408.883,2025-09-22 01:30:08,/dev/ttyUSB1,5,measure,fMeasure,10.00023,,64 samples
1758497468.883,2025-09-22 01:31:08,/dev/ttyUSB1,5,measure,fMeasure,10.00073,,44 samples
1758497529.083,2025-09-22 01:32:09,/dev/ttyUSB1,5,measure,fMeasure,9.99870,,42 samples
1758497589.083,2025-09-22 01:33:09,/dev/ttyUSB1,5,measure,fMeasure,9.99997,,59 samples
1758497649.283,2025-09-22 01:34:09,/dev/ttyUSB1,5,measure,fMeasure,9.99971,,48 samples
1758497709.484,2025-09-22 01:35:09,/dev/ttyUSB1,5,measure,fMeasure,9.99928,,36 samples
1758497769.683,2025-09-22 01:36:09,/dev/ttyUSB1,5,measure,fMeasure,10.00022,,35 samples
1758497829.883,2025-09-22 01:37:09,/dev/ttyUSB1,5,measure,fMeasure,9.99966,,46 samples
1758497889.883,2025-09-22 01:38:09,/dev/ttyUSB1,5,measure,fMeasure,9.99943,,53 samples
1758497950.083,2025-09-22 01:39:10,/dev/ttyUSB1,5,measure,fMeasure,10.00017,,59 samples
1758498010.283,2025-09-22 01:40:10,/dev/ttyUSB1,5,measure,fMeasure,9.99979,,59 samples
1758498070.482,2025-09-22 01:41:10,/dev/ttyUSB1,5,measure,fMeasure,10.00072,,46 samples
1758498130.483,2025-09-22 01:42:10,/dev/ttyUSB1,5,measure,fMeasure,10.00024,,39 samples
1758498190.683,2025-09-22 01:43:10,/dev/ttyUSB1,5,measure,fMeasure,9.99981,,40 samples
1758498250.882,2025-09-22 01:44:10,/dev/ttyUSB1,5,measure,fMeasure,10.00024,,36 samples
1758498310.882,2025-09-22 01:45:10,/dev/ttyUSB1,5,measure,fMeasure,9.99931,,45 samples
1758498370.883,2025-09-22 01:46:10,/dev/ttyUSB1,5,measure,fMeasure,10.00015,,45 samples
1758498431.082,2025-09-22 01:47:11,/dev/ttyUSB1,5,measure,fMeasure,9.99889,,45 samples
1758498491.082,2025-09-22 01:48:11,/dev/ttyUSB1,5,measure,fMeasure,9.99945,,55 samples
1758498551.083,2025-09-22 01:49:11,/dev/ttyUSB1,5,measure,fMeasure,10.00059,,57 samples
1758498611.083,2025-09-22 01:50:11,/dev/ttyUSB1,5,measure,fMeasure,10.00048,,51 samples
1758498671.283,2025-09-22 01:51:11,/dev/ttyUSB1,5,measure,fMeasure,9.99938,,54 samples
1758498731.482,2025-09-22 01:52:11,/dev/ttyUSB1,5,measure,fMeasure,9.99996,,44 samples
1758498791.683,2025-09-22 01:53:11,/dev/ttyUSB1,5,measure,fMeasure,10.00030,,51 samples
1758498851.883,2025-09-22 01:54:11,/dev/ttyUSB1,5,measure,fMeasure,9.99966,,47 samples
1758498911.883,2025-09-22 01:55:11,/dev/ttyUSB1,5,measure,fMeasure,10.00026,,43 samples
1758498972.082,2025-09-22 01:56:12,/dev/ttyUSB1,5,measure,fMeasure,10.00045,,32 samples
1758499032.083,2025-09-22 01:57:12,/dev/ttyUSB1,5,measure,fMeasure,10.00012,,62 samples
1758499092.282,2025-09-22 01:58:12,/dev/ttyUSB1,5,measure,fMeasure,9.99980,,51 samples
1758499152.482,2025-09-22 01:59:12,/dev/ttyUSB1,5,measure,fMeasure,9.99985,,47 samples
1758499212.682,2025-09-22 02:00:12,/dev/ttyUSB1,5,measure,fMeasure,10.00055,,49 samples
1758499272.683,2025-09-22 02:01:12,/dev/ttyUSB1,5,measure,fMeasure,9.99994,,49 samples
1758499332.882,2025-09-22 02:02:12,/dev/ttyUSB1,5,measure,fMeasure,9.99987,,45 samples
1758499392.883,2025-09-22 02:03:12,/dev/ttyUSB1,5,measure,fMeasure,10.00072,,48 samples
1758499453.083,2025-09-22 02:04:13,/dev/ttyUSB1,5,measure,fMeasure,10.00014,,46 samples
1758499513.283,2025-09-22 02:05:13,/dev/ttyUSB1,5,measure,fMeasure,9.99969,,65 samples
1758499573.483,2025-09-22 02:06:13,/dev/ttyUSB1,5,measure,fMeasure,9.99941,,49 samples
1758499633.682,2025-09-22 02:07:13,/dev/ttyUSB1,5,measure,fMeasure,10.00032,,42 samples
1758499693.683,2025-09-22 02:08:13,/dev/ttyUSB1,5,measure,fMeasure,9.99887,,50 samples
1758499753.683,2025-09-22 02:09:13,/dev/ttyUSB1,5,measure,fMeasure,9.99992,,50 samples
1758499813.882,2025-09-22 02:10:13,/dev/ttyUSB1,5,measure,fMeasure,10.00009,,51 samples
1758499874.083,2025-09-22 02:11:14,/dev/ttyUSB1,5,measure,fMeasure,10.00032,,44 samples
1758499934.083,2025-09-22 02:12:14,/dev/ttyUSB1,5,measure,fMeasure,10.00003,,38 samples
1758499994.283,2025-09-22 02:13:14,/dev/ttyUSB1,5,measure,fMeasure,10.00003,,50 samples
1758500054.483,2025-09-22 02:14:14,/dev/ttyUSB1,5,measure,fMeasure,9.99974,,38 samples
1758500114.683,2025-09-22 02:15:14,/dev/ttyUSB1,5,measure,fMeasure,10.00002,,43 samples
1758500174.883,2025-09-22 02:16:14,/dev/ttyUSB1,5,measure,fMeasure,9.99991,,41 samples
1758500235.083,2025-09-22 02:17:15,/dev/ttyUSB1,5,measure,fMeasure,10.00011,,41 samples
1758500295.283,2025-09-22 02:18:15,/dev/ttyUSB1,5,measure,fMeasure,10.00053,,31 samples
1758500355.283,2025-09-22 02:19:15,/dev/ttyUSB1,5,measure,fMeasure,9.99992,,34 samples
1758500415.482,2025-09-22 02:20:15,/dev/ttyUSB1,5,measure,fMeasure,9.99949,,48 samples
1758500475.483,2025-09-22 02:21:15,/dev/ttyUSB1,5,measure,fMeasure,10.00028,,62 samples
1758500535.483,2025-09-22 02:22:15,/dev/ttyUSB1,5,measure,fMeasure,9.99988,,42 samples
1758500595.483,2025-09-22 02:23:15,/dev/ttyUSB1,5,measure,fMeasure,9.99950,,44 samples
1758500655.683,2025-09-22 02:24:15,/dev/ttyUSB1,5,measure,fMeasure,10.00016,,56 samples
1758500715.882,2025-09-22 02:25:15,/dev/ttyUSB1,5,measure,fMeasure,10.00045,,41 samples
1758500775.883,2025-09-22 02:26:15,/dev/ttyUSB1,5,measure,fMeasure,10.00015,,62 samples
1758500836.083,2025-09-22 02:27:16,/dev/ttyUSB1,5,measure,fMeasure,9.99993,,57 samples
1758500896.083,2025-09-22 02:28:16,/dev/ttyUSB1,5,measure,fMeasure,9.99973,,42 samples
1758500956.283,2025-09-22 02:29:16,/dev/ttyUSB1,5,measure,fMeasure,9.99944,,46 samples
1758501016.482,2025-09-22 02:30:16,/dev/ttyUSB1,5,measure,fMeasure,9.99949,,41 samples
1758501076.682,2025-09-22 02:31:16,/dev/ttyUSB1,5,measure,fMeasure,9.99938,,56 samples
1758501136.683,2025-09-22 02:32:16,/dev/ttyUSB1,5,measure,fMeasure,9.99983,,52 samples
1758501196.884,2025-09-22 02:33:16,/dev/ttyUSB1,5,measure,fMeasure,9.99982,,50 samples
1758501257.082,2025-09-22 02:34:17,/dev/ttyUSB1,5,measure,fMeasure,10.00092,,46 samples
1758501317.083,2025-09-22 02:35:17,/dev/ttyUSB1,5,measure,fMeasure,10.00038,,54 samples
1758501377.083,2025-09-22 02:36:17,/dev/ttyUSB1,5,measure,fMeasure,9.99963,,48 samples
1758501437.283,2025-09-22 02:37:17,/dev/ttyUSB1,5,measure,fMeasure,10.00048,,60 samples
1758501497.283,2025-09-22 02:38:17,/dev/ttyUSB1,5,measure,fMeasure,10.00016,,51 samples
1758501557.483,2025-09-22 02:39:17,/dev/ttyUSB1,5,measure,fMeasure,10.00016,,50 samples
1758501617.683,2025-09-22 02:40:17,/dev/ttyUSB1,5,measure,fMeasure,10.00045,,49 samples
1758501677.883,2025-09-22 02:41:17,/dev/ttyUSB1,5,measure,fMeasure,9.99947,,44 samples
1758501738.083,2025-09-22 02:42:18,/dev/ttyUSB1,5,measure,fMeasure,10.00092,,62 samples
1758501798.283,2025-09-22 02:43:18,/dev/ttyUSB1,5,measure,fMeasure,10.00001,,37 samples
1758501858.482,2025-09-22 02:44:18,/dev/ttyUSB1,5,measure,fMeasure,10.00053,,54 samples
1758501918.483,2025-09-22 02:45:18,/dev/ttyUSB1,5,measure,fMeasure,9.99972,,56 samples
1758501978.683,2025-09-22 02:46:18,/dev/ttyUSB1,5,measure,fMeasure,10.00063,,53 samples
1758502038.883,2025-09-22 02:47:18,/dev/ttyUSB1,5,measure,fMeasure,10.00028,,60 samples
1758502099.083,2025-09-22 02:48:19,/dev/ttyUSB1,5,measure,fMeasure,10.00024,,51 samples
1758502159.283,2025-09-22 02:49:19,/dev/ttyUSB1,5,measure,fMeasure,9.99963,,50 samples
1758502219.483,2025-09-22 02:50:19,/dev/ttyUSB1,5,measure,fMeasure,9.99974,,45 samples
1758502279.683,2025-09-22 02:51:19,/dev/ttyUSB1,5,measure,fMeasure,9.99984,,52 samples
1758502339.882,2025-09-22 02:52:19,/dev/ttyUSB1,5,measure,fMeasure,9.99949,,43 samples
1758502399.883,2025-09-22 02:53:19,/dev/ttyUSB1,5,measure,fMeasure,10.00059,,46 samples
1758502460.083,2025-09-22 02:54:20,/dev/ttyUSB1,5,measure,fMeasure,9.99954,,49 samples
1758502520.283,2025-09-22 02:55:20,/dev/ttyUSB1,5,measure,fMeasure,9.99977,,50 samples
1758502580.483,2025-09-22 02:56:20,/dev/ttyUSB1,5,measure,fMeasure,10.00009,,61 samples
1758502640.483,2025-09-22 02:57:20,/dev/ttyUSB1,5,measure,fMeasure,9.99941,,39 samples
1758502700.684,2025-09-22 02:58:20,/dev/ttyUSB1,5,measure,fMeasure,9.99985,,38 samples
1758502760.882,2025-09-22 02:59:20,/dev/ttyUSB1,5,measure,fMeasure,10.00064,,41 samples
1758502820.883,2025-09-22 03:00:20,/dev/ttyUSB1,5,measure,fMeasure,10.00000,,57 samples
1758502881.082,2025-09-22 03:01:21,/dev/ttyUSB1,5,measure,fMeasure,10.00087,,36 samples
1758502941.083,2025-09-22 03:02:21,/dev/ttyUSB1,5,measure,fMeasure,9.99960,,50 samples
1758503001.283,2025-09-22 03:03:21,/dev/ttyUSB1,5,measure,fMeasure,10.00054,,40 samples
1758503061.483,2025-09-22 03:04:21,/dev/ttyUSB1,5,measure,fMeasure,10.00024,,43 samples
1758503121.683,2025-09-22 03:05:21,/dev/ttyUSB1,5,measure,fMeasure,9.99963,,51 samples
1758503181.883,2025-09-22 03:06:21,/dev/ttyUSB1,5,measure,fMeasure,10.00029,,41 samples
1758503242.083,2025-09-22 03:07:22,/dev/ttyUSB1,5,measure,fMeasure,10.00001,,50 samples
1758503302.083,2025-09-22 03:08:22,/dev/ttyUSB1,5,measure,fMeasure,9.99975,,53 samples
1758503362.083,2025-09-22 03:09:22,/dev/ttyUSB1,5,measure,fMeasure,10.00028,,45 samples
1758503422.283,2025-09-22 03:10:22,/dev/ttyUSB1,5,measure,fMeasure,9.99997,,38 samples
1758503482.283,2025-09-22 03:11:22,/dev/ttyUSB1,5,measure,fMeasure,10.00050,,46 samples
1758503542.483,2025-09-22 03:12:22,/dev/ttyUSB1,5,measure,fMeasure,10.00085,,54 samples
1758503602.483,2025-09-22 03:13:22,/dev/ttyUSB1,5,measure,fMeasure,9.99966,,48 samples
1758503662.483,2025-09-22 03:14:22,/dev/ttyUSB1,5,measure,fMeasure,9.99990,,44 samples
1758503722.683,2025-09-22 03:15:22,/dev/ttyUSB1,5,measure,fMeasure,9.99996,,60 samples
1758503782.683,2025-09-22 03:16:22,/dev/ttyUSB1,5,measure,fMeasure,9.99971,,38 samples
1758503842.883,2025-09-22 03:17:22,/dev/ttyUSB1,5,measure,fMeasure,10.00019,,53 samples
1758503902.883,2025-09-22 03:18:22,/dev/ttyUSB1,5,measure,fMeasure,10.00015,,49 samples
1758503963.082,2025-09-22 03:19:23,/dev/ttyUSB1,5,measure,fMeasure,9.99941,,50 samples
1758504023.083,2025-09-22 03:20:23,/dev/ttyUSB1,5,measure,fMeasure,10.00005,,47 samples
1758504083.283,2025-09-22 03:21:23,/dev/ttyUSB1,5,measure,fMeasure,10.00015,,52 samples
1758504143.283,2025-09-22 03:22:23,/dev/ttyUSB1,5,measure,fMeasure,9.99973,,36 samples
1758504203.483,2025-09-22 03:23:23,/dev/ttyUSB1,5,measure,fMeasure,10.00021,,64 samples
1758504263.484,2025-09-22 03:24:23,/dev/ttyUSB1,5,measure,fMeasure,9.99981,,50 samples
1758504323.683,2025-09-22 03:25:23,/dev/ttyUSB1,5,measure,fMeasure,9.99979,,52 samples
1758504383.883,2025-09-22 03:26:23,/dev/ttyUSB1,5,measure,fMeasure,9.99927,,57 samples
1758504444.083,2025-09-22 03:27:24,/dev/ttyUSB1,5,measure,fMeasure,10.00019,,52 samples
1758504504.083,2025-09-22 03:28:24,/dev/ttyUSB1,5,measure,fMeasure,10.00005,,55 samples
1758504564.282,2025-09-22 03:29:24,/dev/ttyUSB1,5,measure,fMeasure,10.00054,,47 samples
1758504624.283,2025-09-22 03:30:24,/dev/ttyUSB1,5,measure,fMeasure,10.00008,,49 samples
1758504684.283,2025-09-22 03:31:24,/dev/ttyUSB1,5,measure,fMeasure,10.00055,,50 samples
1758504744.283,2025-09-22 03:32:24,/dev/ttyUSB1,5,measure,fMeasure,9.99920,,40 samples
1758504804.483,2025-09-22 03:33:24,/dev/ttyUSB1,5,measure,fMeasure,9.99930,,51 samples
1758504864.683,2025-09-22 03:34:24,/dev/ttyUSB1,5,measure,fMeasure,10.00111,,44 samples
1758504924.683,2025-09-22 03:35:24,/dev/ttyUSB1,5,measure,fMeasure,10.00012,,57 samples
1758504984.883,2025-09-22 03:36:24,/dev/ttyUSB1,5,measure,fMeasure,9.99968,,37 samples
1758505045.083,2025-09-22 03:37:25,/dev/ttyUSB1,5,measure,fMeasure,9.99917,,56 samples
1758505105.283,2025-09-22 03:38:25,/dev/ttyUSB1,5,measure,fMeasure,10.00003,,68 samples
1758505165.482,2025-09-22 03:39:25,/dev/ttyUSB1,5,measure,fMeasure,9.99953,,40 samples
1758505225.483,2025-09-22 03:40:25,/dev/ttyUSB1,5,measure,fMeasure,10.00065,,50 samples
1758505285.682,2025-09-22 03:41:25,/dev/ttyUSB1,5,measure,fMeasure,10.00060,,51 samples
1758505345.683,2025-09-22 03:42:25,/dev/ttyUSB1,5,measure,fMeasure,9.99979,,48 samples
1758505405.683,2025-09-22 03:43:25,/dev/ttyUSB1,5,measure,fMeasure,10.00106,,44 samples
1758505465.883,2025-09-22 03:44:25,/dev/ttyUSB1,5,measure,fMeasure,9.99999,,44 samples
1758505526.083,2025-09-22 03:45:26,/dev/ttyUSB1,5,measure,fMeasure,9.99977,,66 samples
1758505586.083,2025-09-22 03:46:26,/dev/ttyUSB1,5,measure,fMeasure,9.99989,,52 samples
1758505646.283,2025-09-22 03:47:26,/dev/ttyUSB1,5,measure,fMeasure,9.99942,,48 samples
1758505706.482,2025-09-22 03:48:26,/dev/ttyUSB1,5,measure,fMeasure,9.99977,,44 samples
1758505766.483,2025-09-22 03:49:26,/dev/ttyUSB1,5,measure,fMeasure,9.99922,,48 samples
1758505826.483,2025-09-22 03:50:26,/dev/ttyUSB1,5,measure,fMeasure,9.99924,,54 samples
1758505886.683,2025-09-22 03:51:26,/dev/ttyUSB1,5,measure,fMeasure,9.99958,,61 samples
1758505946.683,2025-09-22 03:52:26,/dev/ttyUSB1,5,measure,fMeasure,10.00025,,57 samples
1758506006.882,2025-09-22 03:53:26,/dev/ttyUSB1,5,measure,fMeasure,10.00019,,57 samples
1758506066.883,2025-09-22 03:54:26,/dev/ttyUSB1,5,measure,fMeasure,9.99980,,49 samples
1758506127.082,2025-09-22 03:55:27,/dev/ttyUSB1,5,measure,fMeasure,10.00050,,58 samples
1758506187.083,2025-09-22 03:56:27,/dev/ttyUSB1,5,measure,fMeasure,9.99963,,49 samples
1758506247.283,2025-09-22 03:57:27,/dev/ttyUSB1,5,measure,fMeasure,9.99980,,28 samples
1758506307.483,2025-09-22 03:58:27,/dev/ttyUSB1,5,measure,fMeasure,9.99948,,63 samples
1758506367.683,2025-09-22 03:59:27,/dev/ttyUSB1,5,measure,fMeasure,10.00001,,60 samples
1758506427.683,2025-09-22 04:00:27,/dev/ttyUSB1,5,measure,fMeasure,9.99976,,48 samples
1758506487.883,2025-09-22 04:01:27,/dev/ttyUSB1,5,measure,fMeasure,10.00018,,45 samples
1758506547.883,2025-09-22 04:02:27,/dev/ttyUSB1,5,measure,fMeasure,10.00013,,39 samples
1758506608.083,2025-09-22 04:03:28,/dev/ttyUSB1,5,measure,fMeasure,9.99961,,59 samples
1758506668.083,2025-09-22 04:04:28,/dev/ttyUSB1,5,measure,fMeasure,10.00032,,44 samples
1758506728.282,2025-09-22 04:05:28,/dev/ttyUSB1,5,measure,fMeasure,9.99996,,56 samples
1758506788.483,2025-09-22 04:06:28,/dev/ttyUSB1,5,measure,fMeasure,10.00100,,41 samples
1758506848.683,2025-09-22 04:07:28,/dev/ttyUSB1,5,measure,fMeasure,10.00061,,58 samples
1758506908.883,2025-09-22 04:08:28,/dev/ttyUSB1,5,measure,fMeasure,10.00002,,53 samples
1758506969.082,2025-09-22 04:09:29,/dev/ttyUSB1,5,measure,fMeasure,10.00019,,55 samples
1758507029.083,2025-09-22 04:10:29,/dev/ttyUSB1,5,measure,fMeasure,9.99943,,40 samples
1758507089.083,2025-09-22 04:11:29,/dev/ttyUSB1,5,measure,fMeasure,9.99956,,46 samples
1758507149.282,2025-09-22 04:12:29,/dev/ttyUSB1,5,measure,fMeasure,9.99934,,50 samples
1758507209.283,2025-09-22 04:13:29,/dev/ttyUSB1,5,measure,fMeasure,9.99983,,47 samples
1758507269.483,2025-09-22 04:14:29,/dev/ttyUSB1,5,measure,fMeasure,9.99937,,49 samples
1758507329.683,2025-09-22 04:15:29,/dev/ttyUSB1,5,measure,fMeasure,9.99924,,63 samples
1758507389.882,2025-09-22 04:16:29,/dev/ttyUSB1,5,measure,fMeasure,10.00030,,50 samples
1758507450.082,2025-09-22 04:17:30,/dev/ttyUSB1,5,measure,fMeasure,9.99997,,54 samples
1758507510.083,2025-09-22 04:18:30,/dev/ttyUSB1,5,measure,fMeasure,9.99967,,40 samples
1758507570.283,2025-09-22 04:19:30,/dev/ttyUSB1,5,measure,fMeasure,9.99951,,53 samples
1758507630.482,2025-09-22 04:20:30,/dev/ttyUSB1,5,measure,fMeasure,9.99962,,45 samples
1758507690.682,2025-09-22 04:21:30,/dev/ttyUSB1,5,measure,fMeasure,9.99986,,49 samples
1758507750.683,2025-09-22 04:22:30,/dev/ttyUSB1,5,measure,fMeasure,9.99979,,45 samples
1758507810.883,2025-09-22 04:23:30,/dev/ttyUSB1,5,measure,fMeasure,10.00027,,45 samples
1758507871.083,2025-09-22 04:24:31,/dev/ttyUSB1,5,measure,fMeasure,10.00027,,36 samples
1758507931.282,2025-09-22 04:25:31,/dev/ttyUSB1,5,measure,fMeasure,10.00016,,44 samples
1758507991.283,2025-09-22 04:26:31,/dev/ttyUSB1,5,measure,fMeasure,9.99961,,53 samples
1758508051.482,2025-09-22 04:27:31,/dev/ttyUSB1,5,measure,fMeasure,9.99989,,45 samples
1758508111.482,2025-09-22 04:28:31,/dev/ttyUSB1,5,measure,fMeasure,9.99913,,46 samples
1758508171.483,2025-09-22 04:29:31,/dev/ttyUSB1,5,measure,fMeasure,10.00004,,56 samples
1758508231.682,2025-09-22 04:30:31,/dev/ttyUSB1,5,measure,fMeasure,10.00025,,44 samples
1758508291.683,2025-09-22 04:31:31,/dev/ttyUSB1,5,measure,fMeasure,10.00035,,51 samples
1758508351.683,2025-09-22 04:32:31,/dev/ttyUSB1,5,measure,fMeasure,10.00027,,54 samples
1758508411.883,2025-09-22 04:33:31,/dev/ttyUSB1,5,measure,fMeasure,10.00054,,57 samples
1758508471.883,2025-09-22 04:34:31,/dev/ttyUSB1,5,measure,fMeasure,9.99982,,48 samples
1758508532.083,2025-09-22 04:35:32,/dev/ttyUSB1,5,measure,fMeasure,10.00011,,39 samples
1758508592.283,2025-09-22 04:36:32,/dev/ttyUSB1,5,measure,fMeasure,9.99978,,42 samples
1758508652.483,2025-09-22 04:37:32,/dev/ttyUSB1,5,measure,fMeasure,10.00074,,47 samples
1758508712.683,2025-09-22 04:38:32,/dev/ttyUSB1,5,measure,fMeasure,9.99970,,48 samples
1758508772.883,2025-09-22 04:39:32,/dev/ttyUSB1,5,measure,fMeasure,9.99986,,39 samples
1758508833.083,2025-09-22 04:40:33,/dev/ttyUSB1,5,measure,fMeasure,10.00012,,47 samples
1758508893.283,2025-09-22 04:41:33,/dev/ttyUSB1,5,measure,fMeasure,10.00079,,41 samples
1758508953.483,2025-09-22 04:42:33,/dev/ttyUSB1,5,measure,fMeasure,9.99992,,34 samples
1758509013.683,2025-09-22 04:43:33,/dev/ttyUSB1,5,measure,fMeasure,9.99959,,54 samples
1758509073.883,2025-09-22 04:44:33,/dev/ttyUSB1,5,measure,fMeasure,9.99945,,48 samples
1758509134.082,2025-09-22 04:45:34,/dev/ttyUSB1,5,measure,fMeasure,9.99955,,52 samples
1758509194.084,2025-09-22 04:46:34,/dev/ttyUSB1,5,measure,fMeasure,10.00026,,54 samples
1758509254.282,2025-09-22 04:47:34,/dev/ttyUSB1,5,measure,fMeasure,9.99932,,38 samples
1758509314.283,2025-09-22 04:48:34,/dev/ttyUSB1,5,measure,fMeasure,10.00067,,51 samples
1758509374.283,2025-09-22 04:49:34,/dev/ttyUSB1,5,measure,fMeasure,10.00007,,60 samples
1758509434.283,2025-09-22 04:50:34,/dev/ttyUSB1,5,measure,fMeasure,10.00089,,41 samples
1758509494.283,2025-09-22 04:51:34,/dev/ttyUSB1,5,measure,fMeasure,9.99928,,54 samples
1758509554.483,2025-09-22 04:52:34,/dev/ttyUSB1,5,measure,fMeasure,10.00016,,45 samples
1758509614.483,2025-09-22 04:53:34,/dev/ttyUSB1,5,measure,fMeasure,9.99981,,44 samples
1758509674.683,2025-09-22 04:54:34,/dev/ttyUSB1,5,measure,fMeasure,10.00065,,50 samples
1758509734.883,2025-09-22 04:55:34,/dev/ttyUSB1,5,measure,fMeasure,9.99909,,48 samples
1758509795.083,2025-09-22 04:56:35,/dev/ttyUSB1,5,measure,fMeasure,9.99943,,50 samples
1758509855.282,2025-09-22 04:57:35,/dev/ttyUSB1,5,measure,fMeasure,10.00012,,41 samples
1758509915.283,2025-09-22 04:58:35,/dev/ttyUSB1,5,measure,fMeasure,9.99970,,53 samples
1758509975.483,2025-09-22 04:59:35,/dev/ttyUSB1,5,measure,fMeasure,10.00057,,51 samples
1758510035.683,2025-09-22 05:00:35,/dev/ttyUSB1,5,measure,fMeasure,9.99936,,52 samples
1758510095.882,2025-09-22 05:01:35,/dev/ttyUSB1,5,measure,fMeasure,9.99980,,46 samples
1758510155.883,2025-09-22 05:02:35,/dev/ttyUSB1,5,measure,fMeasure,10.00040,,54 samples
1758510216.082,2025-09-22 05:03:36,/dev/ttyUSB1,5,measure,fMeasure,9.99961,,37 samples
1758510276.083,2025-09-22 05:04:36,/dev/ttyUSB1,5,measure,fMeasure,10.00041,,54 samples
1758510336.083,2025-09-22 05:05:36,/dev/ttyUSB1,5,measure,fMeasure,10.00021,,48 samples
1758510396.083,2025-09-22 05:06:36,/dev/ttyUSB1,5,measure,fMeasure,10.00034,,52 samples
1758510456.283,2025-09-22 05:07:36,/dev/ttyUSB1,5,measure,fMeasure,9.99964,,54 samples
1758510516.483,2025-09-22 05:08:36,/dev/ttyUSB1,5,measure,fMeasure,9.99995,,59 samples
1758510576.483,2025-09-22 05:09:36,/dev/ttyUSB1,5,measure,fMeasure,9.99967,,52 samples
1758510636.683,2025-09-22 05:10:36,/dev/ttyUSB1,5,measure,fMeasure,9.99954,,47 samples
1758510696.883,2025-09-22 05:11:36,/dev/ttyUSB1,5,measure,fMeasure,9.99939,,54 samples
1758510757.083,2025-09-22 05:12:37,/dev/ttyUSB1,5,measure,fMeasure,9.99941,,61 samples
1758510817.283,2025-09-22 05:13:37,/dev/ttyUSB1,5,measure,fMeasure,9.99963,,56 samples
1758510877.483,2025-09-22 05:14:37,/dev/ttyUSB1,5,measure,fMeasure,10.00096,,43 samples
1758510937.682,2025-09-22 05:15:37,/dev/ttyUSB1,5,measure,fMeasure,9.99978,,47 samples
1758510997.683,2025-09-22 05:16:37,/dev/ttyUSB1,5,measure,fMeasure,9.99992,,35 samples
1758511057.683,2025-09-22 05:17:37,/dev/ttyUSB1,5,measure,fMeasure,10.00037,,49 samples
1758511117.683,2025-09-22 05:18:37,/dev/ttyUSB1,5,measure,fMeasure,9.99989,,61 samples
1758511177.883,2025-09-22 05:19:37,/dev/ttyUSB1,5,measure,fMeasure,9.99916,,42 samples
1758511237.883,2025-09-22 05:20:37,/dev/ttyUSB1,5,measure,fMeasure,10.00042,,47 samples
1758511298.083,2025-09-22 05:21:38,/dev/ttyUSB1,5,measure,fMeasure,9.99956,,43 samples
1758511358.283,2025-09-22 05:22:38,/dev/ttyUSB1,5,measure,fMeasure,10.00005,,43 samples
1758511418.483,2025-09-22 05:23:38,/dev/ttyUSB1,5,measure,fMeasure,9.99991,,48 samples
1758511478.683,2025-09-22 05:24:38,/dev/ttyUSB1,5,measure,fMeasure,10.00033,,44 samples
1758511538.883,2025-09-22 05:25:38,/dev/ttyUSB1,5,measure,fMeasure,9.99919,,45 samples
1758511598.883,2025-09-22 05:26:38,/dev/ttyUSB1,5,measure,fMeasure,10.00019,,55 samples
1758511659.083,2025-09-22 05:27:39,/dev/ttyUSB1,5,measure,fMeasure,9.99960,,39 samples
1758511719.282,2025-09-22 05:28:39,/dev/ttyUSB1,5,measure,fMeasure,10.00053,,47 samples
1758511779.283,2025-09-22 05:29:39,/dev/ttyUSB1,5,measure,fMeasure,10.00009,,51 samples
1758511839.283,2025-09-22 05:30:39,/dev/ttyUSB1,5,measure,fMeasure,9.99999,,41 samples
1758511899.483,2025-09-22 05:31:39,/dev/ttyUSB1,5,measure,fMeasure,9.99993,,51 samples
1758511959.683,2025-09-22 05:32:39,/dev/ttyUSB1,5,measure,fMeasure,10.00015,,60 samples
1758512019.883,2025-09-22 05:33:39,/dev/ttyUSB1,5,measure,fMeasure,10.00070,,51 samples
1758512080.083,2025-09-22 05:34:40,/dev/ttyUSB1,5,measure,fMeasure,9.99965,,48 samples
1758512140.283,2025-09-22 05:35:40,/dev/ttyUSB1,5,measure,fMeasure,10.00003,,50 samples
1758512200.482,2025-09-22 05:36:40,/dev/ttyUSB1,5,measure,fMeasure,9.99920,,38 samples
1758512260.483,2025-09-22 05:37:40,/dev/ttyUSB1,5,measure,fMeasure,10.00002,,54 samples
1758512320.683,2025-09-22 05:38:40,/dev/ttyUSB1,5,measure,fMeasure,10.00040,,39 samples
1758512380.683,2025-09-22 05:39:40,/dev/ttyUSB1,5,measure,fMeasure,9.99972,,39 samples
1758512440.883,2025-09-22 05:40:40,/dev/ttyUSB1,5,measure,fMeasure,9.99964,,56 samples
1758512501.082,2025-09-22 05:41:41,/dev/ttyUSB1,5,measure,fMeasure,10.00023,,40 samples
1758512561.083,2025-09-22 05:42:41,/dev/ttyUSB1,5,measure,fMeasure,10.00082,,50 samples
1758512621.282,2025-09-22 05:43:41,/dev/ttyUSB1,5,measure,fMeasure,10.00010,,58 samples
1758512681.283,2025-09-22 05:44:41,/dev/ttyUSB1,5,measure,fMeasure,10.00004,,48 samples
1758512741.283,2025-09-22 05:45:41,/dev/ttyUSB1,5,measure,fMeasure,10.00040,,48 samples
1758512801.482,2025-09-22 05:46:41,/dev/ttyUSB1,5,measure,fMeasure,10.00010,,44 samples
1758512861.483,2025-09-22 05:47:41,/dev/ttyUSB1,5,measure,fMeasure,9.99988,,43 samples
1758512921.683,2025-09-22 05:48:41,/dev/ttyUSB1,5,measure,fMeasure,9.99990,,48 samples
1758512981.882,2025-09-22 05:49:41,/dev/ttyUSB1,5,measure,fMeasure,10.00028,,46 samples
1758513041.883,2025-09-22 05:50:41,/dev/ttyUSB1,5,measure,fMeasure,10.00046,,49 samples
1758513102.083,2025-09-22 05:51:42,/dev/ttyUSB1,5,measure,fMeasure,10.00025,,35 samples
1758513162.283,2025-09-22 05:52:42,/dev/ttyUSB1,5,measure,fMeasure,9.99982,,46 samples
1758513222.483,2025-09-22 05:53:42,/dev/ttyUSB1,5,measure,fMeasure,9.99987,,50 samples
1758513282.682,2025-09-22 05:54:42,/dev/ttyUSB1,5,measure,fMeasure,9.99991,,57 samples
1758513342.683,2025-09-22 05:55:42,/dev/ttyUSB1,5,measure,fMeasure,10.00006,,53 samples
1758513402.883,2025-09-22 05:56:42,/dev/ttyUSB1,5,measure,fMeasure,9.99972,,42 samples
1758513463.083,2025-09-22 05:57:43,/dev/ttyUSB1,5,measure,fMeasure,10.00002,,47 samples
1758513523.283,2025-09-22 05:58:43,/dev/ttyUSB1,5,measure,fMeasure,9.99971,,43 samples
1758513583.283,2025-09-22 05:59:43,/dev/ttyUSB1,5,measure,fMeasure,9.99950,,39 samples
1758513643.483,2025-09-22 06:00:43,/dev/ttyUSB1,5,measure,fMeasure,10.00001,,32 samples
1758513703.683,2025-09-22 06:01:43,/dev/ttyUSB1,5,measure,fMeasure,10.00025,,43 samples
1758513763.882,2025-09-22 06:02:43,/dev/ttyUSB1,5,measure,fMeasure,10.00071,,47 samples
1758513823.883,2025-09-22 06:03:43,/dev/ttyUSB1,5,measure,fMeasure,9.99895,,42 samples
1758513884.082,2025-09-22 06:04:44,/dev/ttyUSB1,5,measure,fMeasure,10.00046,,64 samples
1758513944.283,2025-09-22 06:05:44,/dev/ttyUSB1,5,measure,fMeasure,9.99994,,40 samples
1758514004.483,2025-09-22 06:06:44,/dev/ttyUSB1,5,measure,fMeasure,10.00053,,54 samples
1758514064.683,2025-09-22 06:07:44,/dev/ttyUSB1,5,measure,fMeasure,10.00055,,52 samples
1758514124.683,2025-09-22 06:08:44,/dev/ttyUSB1,5,measure,fMeasure,10.00017,,54 samples
1758514184.883,2025-09-22 06:09:44,/dev/ttyUSB1,5,measure,fMeasure,10.00028,,47 samples
1758514244.884,2025-09-22 06:10:44,/dev/ttyUSB1,5,measure,fMeasure,9.99957,,38 samples
1758514305.083,2025-09-22 06:11:45,/dev/ttyUSB1,5,measure,fMeasure,9.99891,,46 samples
1758514365.283,2025-09-22 06:12:45,/dev/ttyUSB1,5,measure,fMeasure,9.99997,,47 samples
1758514425.483,2025-09-22 06:13:45,/dev/ttyUSB1,5,measure,fMeasure,9.99958,,44 samples
1758514485.683,2025-09-22 06:14:45,/dev/ttyUSB1,5,measure,fMeasure,9.99932,,46 samples
1758514545.683,2025-09-22 06:15:45,/dev/ttyUSB1,5,measure,fMeasure,9.99979,,55 samples
1758514605.882,2025-09-22 06:16:45,/dev/ttyUSB1,5,measure,fMeasure,9.99942,,46 samples
1758514665.883,2025-09-22 06:17:45,/dev/ttyUSB1,5,measure,fMeasure,9.99935,,42 samples
1758514725.883,2025-09-22 06:18:45,/dev/ttyUSB1,5,measure,fMeasure,10.00075,,45 samples
1758514785.883,2025-09-22 06:19:45,/dev/ttyUSB1,5,measure,fMeasure,9.99968,,51 samples
1758514846.082,2025-09-22 06:20:46,/dev/ttyUSB1,5,measure,fMeasure,10.00088,,49 samples
1758514906.082,2025-09-22 06:21:46,/dev/ttyUSB1,5,measure,fMeasure,10.00041,,59 samples
1758514966.083,2025-09-22 06:22:46,/dev/ttyUSB1,5,measure,fMeasure,9.99951,,55 samples
1758515026.283,2025-09-22 06:23:46,/dev/ttyUSB1,5,measure,fMeasure,10.00022,,47 samples
1758515086.482,2025-09-22 06:24:46,/dev/ttyUSB1,5,measure,fMeasure,9.99980,,63 samples
1758515146.483,2025-09-22 06:25:46,/dev/ttyUSB1,5,measure,fMeasure,10.00088,,49 samples
1758515206.682,2025-09-22 06:26:46,/dev/ttyUSB1,5,measure,fMeasure,9.99944,,47 samples
1758515266.683,2025-09-22 06:27:46,/dev/ttyUSB1,5,measure,fMeasure,10.00036,,44 samples
1758515326.882,2025-09-22 06:28:46,/dev/ttyUSB1,5,measure,fMeasure,9.99917,,47 samples
1758515386.883,2025-09-22 06:29:46,/dev/ttyUSB1,5,measure,fMeasure,10.00030,,41 samples
1758515446.884,2025-09-22 06:30:46,/dev/ttyUSB1,5,measure,fMeasure,10.00019,,48 samples
1758515507.083,2025-09-22 06:31:47,/dev/ttyUSB1,5,measure,fMeasure,10.00098,,50 samples
1758515567.282,2025-09-22 06:32:47,/dev/ttyUSB1,5,measure,fMeasure,10.00067,,43 samples
1758515627.283,2025-09-22 06:33:47,/dev/ttyUSB1,5,measure,fMeasure,10.00002,,55 samples
1758515687.283,2025-09-22 06:34:47,/dev/ttyUSB1,5,measure,fMeasure,10.00011,,39 samples
1758515747.483,2025-09-22 06:35:47,/dev/ttyUSB1,5,measure,fMeasure,10.00091,,40 samples
1758515807.683,2025-09-22 06:36:47,/dev/ttyUSB1,5,measure,fMeasure,10.00022,,53 samples
1758515867.883,2025-09-22 06:37:47,/dev/ttyUSB1,5,measure,fMeasure,10.00035,,35 samples
1758515928.083,2025-09-22 06:38:48,/dev/ttyUSB1,5,measure,fMeasure,10.00016,,48 samples
1758515988.283,2025-09-22 06:39:48,/dev/ttyUSB1,5,measure,fMeasure,10.00061,,63 samples
1758516048.482,2025-09-22 06:40:48,/dev/ttyUSB1,5,measure,fMeasure,9.99970,,48 samples
1758516108.682,2025-09-22 06:41:48,/dev/ttyUSB1,5,measure,fMeasure,10.00015,,57 samples
1758516168.683,2025-09-22 06:42:48,/dev/ttyUSB1,5,measure,fMeasure,10.00005,,57 samples
1758516228.882,2025-09-22 06:43:48,/dev/ttyUSB1,5,measure,fMeasure,10.00023,,46 samples
1758516289.083,2025-09-22 06:44:49,/dev/ttyUSB1,5,measure,fMeasure,9.99972,,52 samples
1758516349.083,2025-09-22 06:45:49,/dev/ttyUSB1,5,measure,fMeasure,10.00058,,52 samples
1758516409.283,2025-09-22 06:46:49,/dev/ttyUSB1,5,measure,fMeasure,9.99953,,39 samples
1758516469.283,2025-09-22 06:47:49,/dev/ttyUSB1,5,measure,fMeasure,9.99957,,43 samples
1758516529.483,2025-09-22 06:48:49,/dev/ttyUSB1,5,measure,fMeasure,10.00025,,60 samples
1758516589.683,2025-09-22 06:49:49,/dev/ttyUSB1,5,measure,fMeasure,9.99967,,46 samples
1758516649.883,2025-09-22 06:50:49,/dev/ttyUSB1,5,measure,fMeasure,10.00013,,56 samples
1758516709.883,2025-09-22 06:51:49,/dev/ttyUSB1,5,measure,fMeasure,10.00003,,38 samples
1758516770.082,2025-09-22 06:52:50,/dev/ttyUSB1,5,measure,fMeasure,10.00070,,42 samples
1758516830.083,2025-09-22 06:53:50,/dev/ttyUSB1,5,measure,fMeasure,9.99942,,37 samples
1758516890.083,2025-09-22 06:54:50,/dev/ttyUSB1,5,measure,fMeasure,10.00039,,51 samples
1758516950.282,2025-09-22 06:55:50,/dev/ttyUSB1,5,measure,fMeasure,10.00023,,46 samples
1758517010.282,2025-09-22 06:56:50,/dev/ttyUSB1,5,measure,fMeasure,10.00006,,44 samples
1758517070.483,2025-09-22 06:57:50,/dev/ttyUSB1,5,measure,fMeasure,9.99991,,52 samples
1758517130.483,2025-09-22 06:58:50,/dev/ttyUSB1,5,measure,fMeasure,9.99978,,59 samples
1758517190.683,2025-09-22 06:59:50,/dev/ttyUSB1,5,measure,fMeasure,10.00028,,53 samples
1758517250.883,2025-09-22 07:00:50,/dev/ttyUSB1,5,measure,fMeasure,9.99935,,50 samples
1758517311.083,2025-09-22 07:01:51,/dev/ttyUSB1,5,measure,fMeasure,9.99982,,45 samples
1758517371.083,2025-09-22 07:02:51,/dev/ttyUSB1,5,measure,fMeasure,9.99948,,53 samples
1758517431.283,2025-09-22 07:03:51,/dev/ttyUSB1,5,measure,fMeasure,9.99982,,45 samples
1758517491.483,2025-09-22 07:04:51,/dev/ttyUSB1,5,measure,fMeasure,10.00037,,39 samples
1758517551.484,2025-09-22 07:05:51,/dev/ttyUSB1,5,measure,fMeasure,9.99968,,52 samples
1758517611.683,2025-09-22 07:06:51,/dev/ttyUSB1,5,measure,fMeasure,9.99963,,45 samples
1758517671.683,2025-09-22 07:07:51,/dev/ttyUSB1,5,measure,fMeasure,10.00080,,41 samples
1758517731.883,2025-09-22 07:08:51,/dev/ttyUSB1,5,measure,fMeasure,10.00014,,46 samples
1758517792.083,2025-09-22 07:09:52,/dev/ttyUSB1,5,measure,fMeasure,10.00049,,57 samples
1758517852.083,2025-09-22 07:10:52,/dev/ttyUSB1,5,measure,fMeasure,9.99977,,53 samples
1758517912.282,2025-09-22 07:11:52,/dev/ttyUSB1,5,measure,fMeasure,10.00003,,40 samples
1758517972.283,2025-09-22 07:12:52,/dev/ttyUSB1,5,measure,fMeasure,9.99923,,52 samples
1758518032.483,2025-09-22 07:13:52,/dev/ttyUSB1,5,measure,fMeasure,10.00081,,35 samples
1758518092.683,2025-09-22 07:14:52,/dev/ttyUSB1,5,measure,fMeasure,10.00025,,50 samples
1758518152.683,2025-09-22 07:15:52,/dev/ttyUSB1,5,measure,fMeasure,10.00005,,47 samples
1758518212.882,2025-09-22 07:16:52,/dev/ttyUSB1,5,measure,fMeasure,9.99979,,40 samples
1758518273.083,2025-09-22 07:17:53,/dev/ttyUSB1,5,measure,fMeasure,9.99989,,42 samples
1758518333.083,2025-09-22 07:18:53,/dev/ttyUSB1,5,measure,fMeasure,9.99940,,34 samples
1758518393.282,2025-09-22 07:19:53,/dev/ttyUSB1,5,measure,fMeasure,10.00013,,40 samples
1758518453.282,2025-09-22 07:20:53,/dev/ttyUSB1,5,measure,fMeasure,10.00042,,58 samples
1758518513.283,2025-09-22 07:21:53,/dev/ttyUSB1,5,measure,fMeasure,10.00044,,70 samples
1758518573.483,2025-09-22 07:22:53,/dev/ttyUSB1,5,measure,fMeasure,9.99988,,50 samples
1758518633.483,2025-09-22 07:23:53,/dev/ttyUSB1,5,measure,fMeasure,10.00050,,50 samples
1758518693.682,2025-09-22 07:24:53,/dev/ttyUSB1,5,measure,fMeasure,10.00026,,49 samples
1758518753.683,2025-09-22 07:25:53,/dev/ttyUSB1,5,measure,fMeasure,9.99970,,58 samples
1758518813.683,2025-09-22 07:26:53,/dev/ttyUSB1,5,measure,fMeasure,9.99962,,50 samples
1758518873.883,2025-09-22 07:27:53,/dev/ttyUSB1,5,measure,fMeasure,10.00055,,39 samples
1758518934.083,2025-09-22 07:28:54,/dev/ttyUSB1,5,measure,fMeasure,9.99981,,50 samples
1758518994.083,2025-09-22 07:29:54,/dev/ttyUSB1,5,measure,fMeasure,10.00072,,43 samples
1758519054.283,2025-09-22 07:30:54,/dev/ttyUSB1,5,measure,fMeasure,10.00012,,52 samples
1758519114.482,2025-09-22 07:31:54,/dev/ttyUSB1,5,measure,fMeasure,10.00082,,53 samples
1758519174.482,2025-09-22 07:32:54,/dev/ttyUSB1,5,measure,fMeasure,10.00027,,45 samples
1758519234.482,2025-09-22 07:33:54,/dev/ttyUSB1,5,measure,fMeasure,9.99967,,39 samples
1758519294.483,2025-09-22 07:34:54,/dev/ttyUSB1,5,measure,fMeasure,9.99983,,40 samples
1758519354.683,2025-09-22 07:35:54,/dev/ttyUSB1,5,measure,fMeasure,10.00053,,50 samples
1758519414.882,2025-09-22 07:36:54,/dev/ttyUSB1,5,measure,fMeasure,9.99953,,39 samples
1758519475.083,2025-09-22 07:37:55,/dev/ttyUSB1,5,measure,fMeasure,9.99910,,52 samples
1758519535.283,2025-09-22 07:38:55,/dev/ttyUSB1,5,measure,fMeasure,10.00029,,46 samples
1758519595.283,2025-09-22 07:39:55,/dev/ttyUSB1,5,measure,fMeasure,9.99979,,45 samples
1758519655.483,2025-09-22 07:40:55,/dev/ttyUSB1,5,measure,fMeasure,9.99950,,48 samples
1758519715.683,2025-09-22 07:41:55,/dev/ttyUSB1,5,measure,fMeasure,10.00029,,48 samples
1758519775.684,2025-09-22 07:42:55,/dev/ttyUSB1,5,measure,fMeasure,9.99934,,40 samples
1758519835.883,2025-09-22 07:43:55,/dev/ttyUSB1,5,measure,fMeasure,9.99980,,44 samples
1758519896.082,2025-09-22 07:44:56,/dev/ttyUSB1,5,measure,fMeasure,10.00037,,45 samples
1758519956.283,2025-09-22 07:45:56,/dev/ttyUSB1,5,measure,fMeasure,9.99979,,50 samples
1758520016.483,2025-09-22 07:46:56,/dev/ttyUSB1,5,measure,fMeasure,10.00013,,52 samples
1758520076.683,2025-09-22 07:47:56,/dev/ttyUSB1,5,measure,fMeasure,10.00019,,51 samples
1758520136.683,2025-09-22 07:48:56,/dev/ttyUSB1,5,measure,fMeasure,10.00032,,47 samples
1758520196.684,2025-09-22 07:49:56,/dev/ttyUSB1,5,measure,fMeasure,9.99966,,69 samples
1758520256.883,2025-09-22 07:50:56,/dev/ttyUSB1,5,measure,fMeasure,10.00021,,51 samples
1758520316.883,2025-09-22 07:51:56,/dev/ttyUSB1,5,measure,fMeasure,10.00080,,50 samples
1758520377.083,2025-09-22 07:52:57,/dev/ttyUSB1,5,measure,fMeasure,10.00065,,46 samples
1758520437.283,2025-09-22 07:53:57,/dev/ttyUSB1,5,measure,fMeasure,9.99980,,48 samples
1758520497.283,2025-09-22 07:54:57,/dev/ttyUSB1,5,measure,fMeasure,9.99995,,48 samples
1758520557.283,2025-09-22 07:55:57,/dev/ttyUSB1,5,measure,fMeasure,10.00012,,37 samples
1758520617.483,2025-09-22 07:56:57,/dev/ttyUSB1,5,measure,fMeasure,10.00067,,59 samples
1758520677.483,2025-09-22 07:57:57,/dev/ttyUSB1,5,measure,fMeasure,9.99995,,38 samples
1758520737.683,2025-09-22 07:58:57,/dev/ttyUSB1,5,measure,fMeasure,10.00036,,48 samples
1758520797.883,2025-09-22 07:59:57,/dev/ttyUSB1,5,measure,fMeasure,9.99949,,56 samples
1758520857.883,2025-09-22 08:00:57,/dev/ttyUSB1,5,measure,fMeasure,10.00021,,61 samples
1758520917.883,2025-09-22 08:01:57,/dev/ttyUSB1,5,measure,fMeasure,10.00024,,49 samples
1758520978.082,2025-09-22 08:02:58,/dev/ttyUSB1,5,measure,fMeasure,10.00013,,50 samples
1758521038.083,2025-09-22 08:03:58,/dev/ttyUSB1,5,measure,fMeasure,10.00100,,50 samples
1758521098.083,2025-09-22 08:04:58,/dev/ttyUSB1,5,measure,fMeasure,10.00030,,44 samples
1758521158.282,2025-09-22 08:05:58,/dev/ttyUSB1,5,measure,fMeasure,9.99971,,42 samples
1758521218.483,2025-09-22 08:06:58,/dev/ttyUSB1,5,measure,fMeasure,10.00022,,52 samples
1758521278.682,2025-09-22 08:07:58,/dev/ttyUSB1,5,measure,fMeasure,9.99950,,38 samples
1758521338.683,2025-09-22 08:08:58,/dev/ttyUSB1,5,measure,fMeasure,9.99953,,46 samples
1758521398.883,2025-09-22 08:09:58,/dev/ttyUSB1,5,measure,fMeasure,9.99996,,57 samples
1758521459.082,2025-09-22 08:10:59,/dev/ttyUSB1,5,measure,fMeasure,10.00045,,63 samples
1758521519.083,2025-09-22 08:11:59,/dev/ttyUSB1,5,measure,fMeasure,10.00001,,51 samples
1758521579.083,2025-09-22 08:12:59,/dev/ttyUSB1,5,measure,fMeasure,9.99968,,46 samples
1758521639.283,2025-09-22 08:13:59,/dev/ttyUSB1,5,measure,fMeasure,10.00002,,53 samples
1758521699.482,2025-09-22 08:14:59,/dev/ttyUSB1,5,measure,fMeasure,9.99998,,48 samples
1758521759.483,2025-09-22 08:15:59,/dev/ttyUSB1,5,measure,fMeasure,10.00042,,45 samples
1758521819.683,2025-09-22 08:16:59,/dev/ttyUSB1,5,measure,fMeasure,10.00005,,49 samples
1758521879.883,2025-09-22 08:17:59,/dev/ttyUSB1,5,measure,fMeasure,9.99989,,48 samples
1758521939.883,2025-09-22 08:18:59,/dev/ttyUSB1,5,measure,fMeasure,9.99964,,41 samples
1758522000.083,2025-09-22 08:20:00,/dev/ttyUSB1,5,measure,fMeasure,10.00054,,55 samples
1758522060.283,2025-09-22 08:21:00,/dev/ttyUSB1,5,measure,fMeasure,9.99977,,41 samples
1758522120.283,2025-09-22 08:22:00,/dev/ttyUSB1,5,measure,fMeasure,10.00051,,58 samples
1758522180.483,2025-09-22 08:23:00,/dev/ttyUSB1,5,measure,fMeasure,9.99952,,54 samples
1758522240.683,2025-09-22 08:24:00,/dev/ttyUSB1,5,measure,fMeasure,9.99964,,45 samples
1758522300.683,2025-09-22 08:25:00,/dev/ttyUSB1,5,measure,fMeasure,10.00052,,50 samples
1758522360.882,2025-09-22 08:26:00,/dev/ttyUSB1,5,measure,fMeasure,10.00048,,55 samples
1758522421.083,2025-09-22 08:27:01,/dev/ttyUSB1,5,measure,fMeasure,9.99996,,55 samples
1758522481.283,2025-09-22 08:28:01,/dev/ttyUSB1,5,measure,fMeasure,9.99974,,52 samples
1758522541.483,2025-09-22 08:29:01,/dev/ttyUSB1,5,measure,fMeasure,9.99981,,47 samples
1758522601.683,2025-09-22 08:30:01,/dev/ttyUSB1,5,measure,fMeasure,9.99892,,33 samples
1758522661.683,2025-09-22 08:31:01,/dev/ttyUSB1,5,measure,fMeasure,9.99996,,47 samples
1758522721.882,2025-09-22 08:32:01,/dev/ttyUSB1,5,measure,fMeasure,10.00011,,34 samples
1758522781.883,2025-09-22 08:33:01,/dev/ttyUSB1,5,measure,fMeasure,9.99984,,50 samples
1758522842.083,2025-09-22 08:34:02,/dev/ttyUSB1,5,measure,fMeasure,10.00126,,48 samples
1758522902.283,2025-09-22 08:35:02,/dev/ttyUSB1,5,measure,fMeasure,10.00043,,41 samples
1758522962.483,2025-09-22 08:36:02,/dev/ttyUSB1,5,measure,fMeasure,10.00016,,53 samples
1758523022.683,2025-09-22 08:37:02,/dev/ttyUSB1,5,measure,fMeasure,9.99979,,51 samples
1758523082.883,2025-09-22 08:38:02,/dev/ttyUSB1,5,measure,fMeasure,9.99986,,55 samples
1758523143.083,2025-09-22 08:39:03,/dev/ttyUSB1,5,measure,fMeasure,10.00016,,35 samples
1758523203.283,2025-09-22 08:40:03,/dev/ttyUSB1,5,measure,fMeasure,9.99975,,42 samples
1758523263.482,2025-09-22 08:41:03,/dev/ttyUSB1,5,measure,fMeasure,9.99959,,44 samples
1758523323.482,2025-09-22 08:42:03,/dev/ttyUSB1,5,measure,fMeasure,10.00009,,52 samples
1758523383.683,2025-09-22 08:43:03,/dev/ttyUSB1,5,measure,fMeasure,10.00069,,49 samples
1758523443.883,2025-09-22 08:44:03,/dev/ttyUSB1,5,measure,fMeasure,9.99994,,47 samples
1758523504.083,2025-09-22 08:45:04,/dev/ttyUSB1,5,measure,fMeasure,9.99965,,52 samples
1758523564.283,2025-09-22 08:46:04,/dev/ttyUSB1,5,measure,fMeasure,10.00013,,47 samples
1758523624.483,2025-09-22 08:47:04,/dev/ttyUSB1,5,measure,fMeasure,9.99992,,56 samples
1758523684.483,2025-09-22 08:48:04,/dev/ttyUSB1,5,measure,fMeasure,10.00060,,47 samples
1758523744.483,2025-09-22 08:49:04,/dev/ttyUSB1,5,measure,fMeasure,10.00054,,44 samples
1758523804.683,2025-09-22 08:50:04,/dev/ttyUSB1,5,measure,fMeasure,10.00118,,40 samples
1758523864.883,2025-09-22 08:51:04,/dev/ttyUSB1,5,measure,fMeasure,9.99980,,57 samples
1758523925.083,2025-09-22 08:52:05,/dev/ttyUSB1,5,measure,fMeasure,10.00069,,47 samples
1758523985.282,2025-09-22 08:53:05,/dev/ttyUSB1,5,measure,fMeasure,10.00087,,56 samples
1758524045.283,2025-09-22 08:54:05,/dev/ttyUSB1,5,measure,fMeasure,9.99986,,47 samples
1758524105.283,2025-09-22 08:55:05,/dev/ttyUSB1,5,measure,fMeasure,10.00024,,48 samples
1758524165.283,2025-09-22 08:56:05,/dev/ttyUSB1,5,measure,fMeasure,9.99906,,43 samples
1758524225.482,2025-09-22 08:57:05,/dev/ttyUSB1,5,measure,fMeasure,10.00006,,39 samples
1758524285.483,2025-09-22 08:58:05,/dev/ttyUSB1,5,measure,fMeasure,10.00021,,53 samples
1758524345.483,2025-09-22 08:59:05,/dev/ttyUSB1,5,measure,fMeasure,10.00027,,53 samples
1758524405.683,2025-09-22 09:00:05,/dev/ttyUSB1,5,measure,fMeasure,9.99974,,53 samples
1758524465.882,2025-09-22 09:01:05,/dev/ttyUSB1,5,measure,fMeasure,10.00037,,43 samples
1758524525.883,2025-09-22 09:02:05,/dev/ttyUSB1,5,measure,fMeasure,10.00024,,49 samples
1758524585.883,2025-09-22 09:03:05,/dev/ttyUSB1,5,measure,fMeasure,9.99969,,48 samples
1758524646.082,2025-09-22 09:04:06,/dev/ttyUSB1,5,measure,fMeasure,9.99954,,52 samples
1758524706.083,2025-09-22 09:05:06,/dev/ttyUSB1,5,measure,fMeasure,10.00090,,40 samples
1758524766.283,2025-09-22 09:06:06,/dev/ttyUSB1,5,measure,fMeasure,9.99987,,39 samples
1758524826.283,2025-09-22 09:07:06,/dev/ttyUSB1,5,measure,fMeasure,10.00006,,32 samples
1758524886.483,2025-09-22 09:08:06,/dev/ttyUSB1,5,measure,fMeasure,10.00060,,41 samples
1758524946.483,2025-09-22 09:09:06,/dev/ttyUSB1,5,measure,fMeasure,9.99999,,61 samples
1758525006.683,2025-09-22 09:10:06,/dev/ttyUSB1,5,measure,fMeasure,9.99988,,51 samples
1758525066.683,2025-09-22 09:11:06,/dev/ttyUSB1,5,measure,fMeasure,10.00016,,32 samples
1758525126.882,2025-09-22 09:12:06,/dev/ttyUSB1,5,measure,fMeasure,9.99995,,46 samples
1758525186.883,2025-09-22 09:13:06,/dev/ttyUSB1,5,measure,fMeasure,9.99976,,49 samples
1758525246.883,2025-09-22 09:14:06,/dev/ttyUSB1,5,measure,fMeasure,9.99995,,49 samples
1758525306.883,2025-09-22 09:15:06,/dev/ttyUSB1,5,measure,fMeasure,10.00022,,54 samples
1758525367.083,2025-09-22 09:16:07,/dev/ttyUSB1,5,measure,fMeasure,10.00024,,41 samples
1758525427.283,2025-09-22 09:17:07,/dev/ttyUSB1,5,measure,fMeasure,9.99911,,40 samples
1758525487.283,2025-09-22 09:18:07,/dev/ttyUSB1,5,measure,fMeasure,9.99953,,51 samples
1758525547.483,2025-09-22 09:19:07,/dev/ttyUSB1,5,measure,fMeasure,9.99977,,41 samples
1758525607.484,2025-09-22 09:20:07,/dev/ttyUSB1,5,measure,fMeasure,10.00009,,39 samples
1758525667.682,2025-09-22 09:21:07,/dev/ttyUSB1,5,measure,fMeasure,9.99997,,53 samples
1758525727.683,2025-09-22 09:22:07,/dev/ttyUSB1,5,measure,fMeasure,10.00043,,52 samples
1758525787.684,2025-09-22 09:23:07,/dev/ttyUSB1,5,measure,fMeasure,10.00071,,45 samples
1758525847.883,2025-09-22 09:24:07,/dev/ttyUSB1,5,measure,fMeasure,9.99983,,50 samples
1758525908.083,2025-09-22 09:25:08,/dev/ttyUSB1,5,measure,fMeasure,10.00010,,52 samples
1758525968.283,2025-09-22 09:26:08,/dev/ttyUSB1,5,measure,fMeasure,10.00018,,48 samples
1758526028.483,2025-09-22 09:27:08,/dev/ttyUSB1,5,measure,fMeasure,9.99931,,49 samples
1758526088.483,2025-09-22 09:28:08,/dev/ttyUSB1,5,measure,fMeasure,9.99956,,43 samples
1758526148.683,2025-09-22 09:29:08,/dev/ttyUSB1,5,measure,fMeasure,10.00023,,48 samples
1758526208.882,2025-09-22 09:30:08,/dev/ttyUSB1,5,measure,fMeasure,10.00104,,57 samples
1758526268.882,2025-09-22 09:31:08,/dev/ttyUSB1,5,measure,fMeasure,10.00021,,45 samples
1758526328.883,2025-09-22 09:32:08,/dev/ttyUSB1,5,measure,fMeasure,10.00027,,50 samples
1758526388.883,2025-09-22 09:33:08,/dev/ttyUSB1,5,measure,fMeasure,10.00028,,41 samples
1758526448.883,2025-09-22 09:34:08,/dev/ttyUSB1,5,measure,fMeasure,10.00067,,41 samples
1758526509.083,2025-09-22 09:35:09,/dev/ttyUSB1,5,measure,fMeasure,10.00047,,42 samples
1758526569.083,2025-09-22 09:36:09,/dev/ttyUSB1,5,measure,fMeasure,9.99949,,46 samples
1758526629.283,2025-09-22 09:37:09,/dev/ttyUSB1,5,measure,fMeasure,10.00018,,45 samples
1758526689.483,2025-09-22 09:38:09,/dev/ttyUSB1,5,measure,fMeasure,9.99982,,34 samples
1758526749.483,2025-09-22 09:39:09,/dev/ttyUSB1,5,measure,fMeasure,9.99968,,46 samples
1758526809.682,2025-09-22 09:40:09,/dev/ttyUSB1,5,measure,fMeasure,9.99972,,45 samples
1758526869.683,2025-09-22 09:41:09,/dev/ttyUSB1,5,measure,fMeasure,10.00042,,50 samples
1758526929.683,2025-09-22 09:42:09,/dev/ttyUSB1,5,measure,fMeasure,9.99932,,51 samples
1758526989.683,2025-09-22 09:43:09,/dev/ttyUSB1,5,measure,fMeasure,10.00021,,51 samples
1758527049.883,2025-09-22 09:44:09,/dev/ttyUSB1,5,measure,fMeasure,10.00056,,53 samples
1758527110.082,2025-09-22 09:45:10,/dev/ttyUSB1,5,measure,fMeasure,10.00096,,43 samples
1758527170.283,2025-09-22 09:46:10,/dev/ttyUSB1,5,measure,fMeasure,10.00089,,43 samples
1758527230.483,2025-09-22 09:47:10,/dev/ttyUSB1,5,measure,fMeasure,9.99977,,48 samples
1758527290.682,2025-09-22 09:48:10,/dev/ttyUSB1,5,measure,fMeasure,10.00020,,43 samples
1758527350.683,2025-09-22 09:49:10,/dev/ttyUSB1,5,measure,fMeasure,9.99965,,46 samples
1758527410.882,2025-09-22 09:50:10,/dev/ttyUSB1,5,measure,fMeasure,10.00007,,46 samples
1758527470.883,2025-09-22 09:51:10,/dev/ttyUSB1,5,measure,fMeasure,9.99967,,46 samples
1758527530.883,2025-09-22 09:52:10,/dev/ttyUSB1,5,measure,fMeasure,9.99940,,51 samples
1758527591.082,2025-09-22 09:53:11,/dev/ttyUSB1,5,measure,fMeasure,10.00028,,40 samples
1758527651.083,2025-09-22 09:54:11,/dev/ttyUSB1,5,measure,fMeasure,9.99965,,54 samples
1758527711.283,2025-09-22 09:55:11,/dev/ttyUSB1,5,measure,fMeasure,10.00033,,45 samples
1758527771.283,2025-09-22 09:56:11,/dev/ttyUSB1,5,measure,fMeasure,10.00070,,36 samples
1758527831.482,2025-09-22 09:57:11,/dev/ttyUSB1,5,measure,fMeasure,9.99996,,56 samples
1758527891.483,2025-09-22 09:58:11,/dev/ttyUSB1,5,measure,fMeasure,10.00023,,47 samples
1758527951.683,2025-09-22 09:59:11,/dev/ttyUSB1,5,measure,fMeasure,9.99974,,42 samples
1758528011.883,2025-09-22 10:00:11,/dev/ttyUSB1,5,measure,fMeasure,9.99874,,32 samples
1758528072.083,2025-09-22 10:01:12,/dev/ttyUSB1,5,measure,fMeasure,10.00064,,39 samples
1758528132.282,2025-09-22 10:02:12,/dev/ttyUSB1,5,measure,fMeasure,9.99919,,42 samples
1758528192.285,2025-09-22 10:03:12,/dev/ttyUSB1,5,measure,fMeasure,9.99933,,43 samples
1758528252.482,2025-09-22 10:04:12,/dev/ttyUSB1,5,measure,fMeasure,10.00035,,41 samples
1758528312.483,2025-09-22 10:05:12,/dev/ttyUSB1,5,measure,fMeasure,10.00015,,42 samples
1758528372.483,2025-09-22 10:06:12,/dev/ttyUSB1,5,measure,fMeasure,10.00028,,49 samples
1758528432.682,2025-09-22 10:07:12,/dev/ttyUSB1,5,measure,fMeasure,10.00054,,44 samples
1758528492.683,2025-09-22 10:08:12,/dev/ttyUSB1,5,measure,fMeasure,9.99998,,50 samples
1758528552.883,2025-09-22 10:09:12,/dev/ttyUSB1,5,measure,fMeasure,10.00060,,49 samples
1758528613.083,2025-09-22 10:10:13,/dev/ttyUSB1,5,measure,fMeasure,9.99979,,47 samples
1758528673.083,2025-09-22 10:11:13,/dev/ttyUSB1,5,measure,fMeasure,10.00038,,51 samples
1758528733.283,2025-09-22 10:12:13,/dev/ttyUSB1,5,measure,fMeasure,10.00001,,40 samples
1758528793.483,2025-09-22 10:13:13,/dev/ttyUSB1,5,measure,fMeasure,10.00038,,46 samples
1758528853.682,2025-09-22 10:14:13,/dev/ttyUSB1,5,measure,fMeasure,10.00060,,36 samples
1758528913.683,2025-09-22 10:15:13,/dev/ttyUSB1,5,measure,fMeasure,10.00021,,34 samples
1758528973.882,2025-09-22 10:16:13,/dev/ttyUSB1,5,measure,fMeasure,10.00039,,54 samples
1758529034.083,2025-09-22 10:17:14,/dev/ttyUSB1,5,measure,fMeasure,10.00047,,41 samples
1758529094.083,2025-09-22 10:18:14,/dev/ttyUSB1,5,measure,fMeasure,10.00002,,60 samples
1758529154.283,2025-09-22 10:19:14,/dev/ttyUSB1,5,measure,fMeasure,10.00021,,51 samples
1758529214.482,2025-09-22 10:20:14,/dev/ttyUSB1,5,measure,fMeasure,10.00017,,55 samples
1758529274.483,2025-09-22 10:21:14,/dev/ttyUSB1,5,measure,fMeasure,10.00071,,46 samples
1758529334.683,2025-09-22 10:22:14,/dev/ttyUSB1,5,measure,fMeasure,10.00119,,39 samples
1758529394.883,2025-09-22 10:23:14,/dev/ttyUSB1,5,measure,fMeasure,9.99940,,52 samples
1758529454.884,2025-09-22 10:24:14,/dev/ttyUSB1,5,measure,fMeasure,10.00053,,45 samples
1758529515.083,2025-09-22 10:25:15,/dev/ttyUSB1,5,measure,fMeasure,10.00068,,42 samples
1758529575.083,2025-09-22 10:26:15,/dev/ttyUSB1,5,measure,fMeasure,9.99991,,46 samples
1758529635.282,2025-09-22 10:27:15,/dev/ttyUSB1,5,measure,fMeasure,9.99963,,53 samples
1758529695.283,2025-09-22 10:28:15,/dev/ttyUSB1,5,measure,fMeasure,10.00000,,43 samples
1758529755.283,2025-09-22 10:29:15,/dev/ttyUSB1,5,measure,fMeasure,10.00050,,41 samples
1758529815.482,2025-09-22 10:30:15,/dev/ttyUSB1,5,measure,fMeasure,10.00067,,50 samples
1758529875.483,2025-09-22 10:31:15,/dev/ttyUSB1,5,measure,fMeasure,10.00061,,59 samples
1758529935.683,2025-09-22 10:32:15,/dev/ttyUSB1,5,measure,fMeasure,9.99890,,43 samples
1758529995.883,2025-09-22 10:33:15,/dev/ttyUSB1,5,measure,fMeasure,9.99996,,43 samples
1758530055.883,2025-09-22 10:34:15,/dev/ttyUSB1,5,measure,fMeasure,9.99959,,48 samples
1758530116.082,2025-09-22 10:35:16,/dev/ttyUSB1,5,measure,fMeasure,10.00018,,28 samples
1758530176.083,2025-09-22 10:36:16,/dev/ttyUSB1,5,measure,fMeasure,10.00057,,42 samples
1758530236.083,2025-09-22 10:37:16,/dev/ttyUSB1,5,measure,fMeasure,10.00040,,57 samples
1758530296.283,2025-09-22 10:38:16,/dev/ttyUSB1,5,measure,fMeasure,9.99923,,43 samples
1758530356.283,2025-09-22 10:39:16,/dev/ttyUSB1,5,measure,fMeasure,9.99996,,34 samples
1758530416.483,2025-09-22 10:40:16,/dev/ttyUSB1,5,measure,fMeasure,9.99892,,35 samples
1758530476.683,2025-09-22 10:41:16,/dev/ttyUSB1,5,measure,fMeasure,9.99963,,56 samples
1758530536.883,2025-09-22 10:42:16,/dev/ttyUSB1,5,measure,fMeasure,9.99998,,60 samples
1758530597.083,2025-09-22 10:43:17,/dev/ttyUSB1,5,measure,fMeasure,10.00019,,47 samples
1758530657.282,2025-09-22 10:44:17,/dev/ttyUSB1,5,measure,fMeasure,9.99916,,46 samples
1758530717.283,2025-09-22 10:45:17,/dev/ttyUSB1,5,measure,fMeasure,10.00007,,40 samples
1758530777.283,2025-09-22 10:46:17,/dev/ttyUSB1,5,measure,fMeasure,9.99910,,46 samples
1758530837.483,2025-09-22 10:47:17,/dev/ttyUSB1,5,measure,fMeasure,9.99990,,51 samples
1758530897.682,2025-09-22 10:48:17,/dev/ttyUSB1,5,measure,fMeasure,9.99983,,55 samples
1758530957.682,2025-09-22 10:49:17,/dev/ttyUSB1,5,measure,fMeasure,9.99954,,53 samples
1758531017.683,2025-09-22 10:50:17,/dev/ttyUSB1,5,measure,fMeasure,10.00076,,49 samples
1758531077.683,2025-09-22 10:51:17,/dev/ttyUSB1,5,measure,fMeasure,10.00008,,42 samples
1758531137.883,2025-09-22 10:52:17,/dev/ttyUSB1,5,measure,fMeasure,10.00011,,43 samples
1758531198.082,2025-09-22 10:53:18,/dev/ttyUSB1,5,measure,fMeasure,10.00027,,53 samples
1758531258.083,2025-09-22 10:54:18,/dev/ttyUSB1,5,measure,fMeasure,9.99916,,43 samples
1758531318.283,2025-09-22 10:55:18,/dev/ttyUSB1,5,measure,fMeasure,9.99962,,45 samples
1758531378.283,2025-09-22 10:56:18,/dev/ttyUSB1,5,measure,fMeasure,10.00005,,48 samples
1758531438.483,2025-09-22 10:57:18,/dev/ttyUSB1,5,measure,fMeasure,9.99948,,44 samples
1758531498.483,2025-09-22 10:58:18,/dev/ttyUSB1,5,measure,fMeasure,10.00018,,37 samples
1758531558.483,2025-09-22 10:59:18,/dev/ttyUSB1,5,measure,fMeasure,10.00002,,40 samples
1758531618.683,2025-09-22 11:00:18,/dev/ttyUSB1,5,measure,fMeasure,9.99941,,38 samples
1758531678.683,2025-09-22 11:01:18,/dev/ttyUSB1,5,measure,fMeasure,9.99975,,50 samples
1758531738.883,2025-09-22 11:02:18,/dev/ttyUSB1,5,measure,fMeasure,10.00027,,52 samples
1758531798.883,2025-09-22 11:03:18,/dev/ttyUSB1,5,measure,fMeasure,9.99922,,47 samples
1758531859.083,2025-09-22 11:04:19,/dev/ttyUSB1,5,measure,fMeasure,10.00014,,47 samples
1758531919.283,2025-09-22 11:05:19,/dev/ttyUSB1,5,measure,fMeasure,9.99961,,50 samples
1758531979.483,2025-09-22 11:06:19,/dev/ttyUSB1,5,measure,fMeasure,10.00012,,52 samples
1758532039.682,2025-09-22 11:07:19,/dev/ttyUSB1,5,measure,fMeasure,10.00021,,46 samples
1758532099.682,2025-09-22 11:08:19,/dev/ttyUSB1,5,measure,fMeasure,10.00074,,37 samples
1758532159.683,2025-09-22 11:09:19,/dev/ttyUSB1,5,measure,fMeasure,9.99984,,50 samples
1758532219.683,2025-09-22 11:10:19,/dev/ttyUSB1,5,measure,fMeasure,9.99934,,41 samples
1758532279.882,2025-09-22 11:11:19,/dev/ttyUSB1,5,measure,fMeasure,10.00038,,53 samples
1758532339.883,2025-09-22 11:12:19,/dev/ttyUSB1,5,measure,fMeasure,10.00017,,36 samples
1758532399.884,2025-09-22 11:13:19,/dev/ttyUSB1,5,measure,fMeasure,9.99916,,48 samples
1758532460.082,2025-09-22 11:14:20,/dev/ttyUSB1,5,measure,fMeasure,10.00082,,44 samples
1758532520.082,2025-09-22 11:15:20,/dev/ttyUSB1,5,measure,fMeasure,10.00067,,41 samples
1758532580.083,2025-09-22 11:16:20,/dev/ttyUSB1,5,measure,fMeasure,10.00068,,40 samples
1758532640.083,2025-09-22 11:17:20,/dev/ttyUSB1,5,measure,fMeasure,10.00015,,44 samples
1758532700.083,2025-09-22 11:18:20,/dev/ttyUSB1,5,measure,fMeasure,10.00010,,38 samples
1758532760.083,2025-09-22 11:19:20,/dev/ttyUSB1,5,measure,fMeasure,9.99897,,44 samples
1758532820.283,2025-09-22 11:20:20,/dev/ttyUSB1,5,measure,fMeasure,10.00006,,35 samples
1758532880.482,2025-09-22 11:21:20,/dev/ttyUSB1,5,measure,fMeasure,9.99961,,47 samples
1758532940.483,2025-09-22 11:22:20,/dev/ttyUSB1,5,measure,fMeasure,9.99960,,35 samples
1758533000.683,2025-09-22 11:23:20,/dev/ttyUSB1,5,measure,fMeasure,9.99978,,55 samples
1758533060.883,2025-09-22 11:24:20,/dev/ttyUSB1,5,measure,fMeasure,10.00060,,49 samples
1758533121.083,2025-09-22 11:25:21,/dev/ttyUSB1,5,measure,fMeasure,10.00066,,42 samples
1758533181.083,2025-09-22 11:26:21,/dev/ttyUSB1,5,measure,fMeasure,9.99926,,44 samples
1758533241.083,2025-09-22 11:27:21,/dev/ttyUSB1,5,measure,fMeasure,10.00015,,40 samples
1758533301.282,2025-09-22 11:28:21,/dev/ttyUSB1,5,measure,fMeasure,10.00015,,37 samples
1758533361.283,2025-09-22 11:29:21,/dev/ttyUSB1,5,measure,fMeasure,9.99974,,57 samples
1758533421.283,2025-09-22 11:30:21,/dev/ttyUSB1,5,measure,fMeasure,10.00067,,53 samples
1758533481.483,2025-09-22 11:31:21,/dev/ttyUSB1,5,measure,fMeasure,9.99983,,39 samples
1758533541.683,2025-09-22 11:32:21,/dev/ttyUSB1,5,measure,fMeasure,9.99931,,45 samples
1758533601.683,2025-09-22 11:33:21,/dev/ttyUSB1,5,measure,fMeasure,9.99998,,46 samples
1758533661.883,2025-09-22 11:34:21,/dev/ttyUSB1,5,measure,fMeasure,10.00019,,52 samples
1758533722.083,2025-09-22 11:35:22,/dev/ttyUSB1,5,measure,fMeasure,10.00018,,46 samples
1758533782.283,2025-09-22 11:36:22,/dev/ttyUSB1,5,measure,fMeasure,10.00011,,50 samples
1758533842.283,2025-09-22 11:37:22,/dev/ttyUSB1,5,measure,fMeasure,10.00085,,43 samples
1758533902.483,2025-09-22 11:38:22,/dev/ttyUSB1,5,measure,fMeasure,10.00020,,45 samples
1758533962.683,2025-09-22 11:39:22,/dev/ttyUSB1,5,measure,fMeasure,10.00021,,47 samples
1758534022.883,2025-09-22 11:40:22,/dev/ttyUSB1,5,measure,fMeasure,9.99885,,40 samples
1758534083.083,2025-09-22 11:41:23,/dev/ttyUSB1,5,measure,fMeasure,10.00014,,61 samples
1758534143.283,2025-09-22 11:42:23,/dev/ttyUSB1,5,measure,fMeasure,10.00080,,50 samples
1758534203.283,2025-09-22 11:43:23,/dev/ttyUSB1,5,measure,fMeasure,9.99878,,48 samples
1758534263.482,2025-09-22 11:44:23,/dev/ttyUSB1,5,measure,fMeasure,10.00093,,47 samples
1758534323.483,2025-09-22 11:45:23,/dev/ttyUSB1,5,measure,fMeasure,9.99990,,42 samples
1758534383.683,2025-09-22 11:46:23,/dev/ttyUSB1,5,measure,fMeasure,9.99910,,39 samples
1758534443.683,2025-09-22 11:47:23,/dev/ttyUSB1,5,measure,fMeasure,10.00099,,46 samples
1758534503.882,2025-09-22 11:48:23,/dev/ttyUSB1,5,measure,fMeasure,10.00015,,55 samples
1758534563.882,2025-09-22 11:49:23,/dev/ttyUSB1,5,measure,fMeasure,9.99985,,52 samples
1758534624.082,2025-09-22 11:50:24,/dev/ttyUSB1,5,measure,fMeasure,10.00034,,45 samples
1758534684.083,2025-09-22 11:51:24,/dev/ttyUSB1,5,measure,fMeasure,9.99986,,51 samples
1758534744.084,2025-09-22 11:52:24,/dev/ttyUSB1,5,measure,fMeasure,9.99987,,46 samples
1758534804.283,2025-09-22 11:53:24,/dev/ttyUSB1,5,measure,fMeasure,9.99985,,40 samples
1758534864.483,2025-09-22 11:54:24,/dev/ttyUSB1,5,measure,fMeasure,9.99946,,58 samples
1758534924.683,2025-09-22 11:55:24,/dev/ttyUSB1,5,measure,fMeasure,10.00017,,41 samples
1758534984.883,2025-09-22 11:56:24,/dev/ttyUSB1,5,measure,fMeasure,10.00033,,47 samples
1758535045.082,2025-09-22 11:57:25,/dev/ttyUSB1,5,measure,fMeasure,10.00001,,42 samples
1758535105.083,2025-09-22 11:58:25,/dev/ttyUSB1,5,measure,fMeasure,9.99982,,35 samples
1758535165.084,2025-09-22 11:59:25,/dev/ttyUSB1,5,measure,fMeasure,9.99962,,36 samples
1758535225.283,2025-09-22 12:00:25,/dev/ttyUSB1,5,measure,fMeasure,9.99963,,44 samples
1758535285.483,2025-09-22 12:01:25,/dev/ttyUSB1,5,measure,fMeasure,10.00051,,42 samples
1758535345.683,2025-09-22 12:02:25,/dev/ttyUSB1,5,measure,fMeasure,10.00048,,49 samples
1758535405.882,2025-09-22 12:03:25,/dev/ttyUSB1,5,measure,fMeasure,9.99970,,47 samples
1758535466.083,2025-09-22 12:04:26,/dev/ttyUSB1,5,measure,fMeasure,9.99983,,53 samples
1758535526.283,2025-09-22 12:05:26,/dev/ttyUSB1,5,measure,fMeasure,10.00017,,48 samples
1758535586.283,2025-09-22 12:06:26,/dev/ttyUSB1,5,measure,fMeasure,9.99943,,45 samples
1758535646.483,2025-09-22 12:07:26,/dev/ttyUSB1,5,measure,fMeasure,10.01965,,42 samples
1758535706.483,2025-09-22 12:08:26,/dev/ttyUSB1,5,measure,fMeasure,10.00036,,42 samples
1758535766.683,2025-09-22 12:09:26,/dev/ttyUSB1,5,measure,fMeasure,9.99983,,46 samples
1758535826.683,2025-09-22 12:10:26,/dev/ttyUSB1,5,measure,fMeasure,10.00030,,41 samples
1758535886.883,2025-09-22 12:11:26,/dev/ttyUSB1,5,measure,fMeasure,10.00095,,55 samples
1758535947.082,2025-09-22 12:12:27,/dev/ttyUSB1,5,measure,fMeasure,10.00061,,48 samples
1758536007.083,2025-09-22 12:13:27,/dev/ttyUSB1,5,measure,fMeasure,10.00000,,50 samples
1758536067.283,2025-09-22 12:14:27,/dev/ttyUSB1,5,measure,fMeasure,10.00083,,39 samples
1758536127.483,2025-09-22 12:15:27,/dev/ttyUSB1,5,measure,fMeasure,10.00007,,41 samples
1758536187.483,2025-09-22 12:16:27,/dev/ttyUSB1,5,measure,fMeasure,10.00026,,43 samples
1758536247.683,2025-09-22 12:17:27,/dev/ttyUSB1,5,measure,fMeasure,9.99998,,39 samples
1758536307.683,2025-09-22 12:18:27,/dev/ttyUSB1,5,measure,fMeasure,10.00088,,49 samples
1758536367.883,2025-09-22 12:19:27,/dev/ttyUSB1,5,measure,fMeasure,9.99923,,52 samples
1758536428.082,2025-09-22 12:20:28,/dev/ttyUSB1,5,measure,fMeasure,10.00014,,52 samples
1758536488.083,2025-09-22 12:21:28,/dev/ttyUSB1,5,measure,fMeasure,10.00031,,51 samples
1758536548.283,2025-09-22 12:22:28,/dev/ttyUSB1,5,measure,fMeasure,9.99990,,39 samples
1758536608.483,2025-09-22 12:23:28,/dev/ttyUSB1,5,measure,fMeasure,10.00069,,51 samples
1758536668.683,2025-09-22 12:24:28,/dev/ttyUSB1,5,measure,fMeasure,10.00011,,53 samples
1758536728.683,2025-09-22 12:25:28,/dev/ttyUSB1,5,measure,fMeasure,10.00000,,43 samples
1758536788.883,2025-09-22 12:26:28,/dev/ttyUSB1,5,measure,fMeasure,10.00066,,47 samples
1758536848.883,2025-09-22 12:27:28,/dev/ttyUSB1,5,measure,fMeasure,9.99949,,55 samples
1758536909.083,2025-09-22 12:28:29,/dev/ttyUSB1,5,measure,fMeasure,10.00031,,54 samples
1758536969.283,2025-09-22 12:29:29,/dev/ttyUSB1,5,measure,fMeasure,10.00082,,45 samples
1758537029.482,2025-09-22 12:30:29,/dev/ttyUSB1,5,measure,fMeasure,10.00060,,49 samples
1758537089.483,2025-09-22 12:31:29,/dev/ttyUSB1,5,measure,fMeasure,9.99975,,45 samples
1758537149.483,2025-09-22 12:32:29,/dev/ttyUSB1,5,measure,fMeasure,10.00031,,53 samples
1758537209.483,2025-09-22 12:33:29,/dev/ttyUSB1,5,measure,fMeasure,9.99972,,51 samples
1758537269.683,2025-09-22 12:34:29,/dev/ttyUSB1,5,measure,fMeasure,9.99943,,48 samples
1758537329.883,2025-09-22 12:35:29,/dev/ttyUSB1,5,measure,fMeasure,10.00029,,42 samples
1758537390.083,2025-09-22 12:36:30,/dev/ttyUSB1,5,measure,fMeasure,10.00029,,51 samples
1758537450.282,2025-09-22 12:37:30,/dev/ttyUSB1,5,measure,fMeasure,10.00024,,53 samples
1758537510.283,2025-09-22 12:38:30,/dev/ttyUSB1,5,measure,fMeasure,10.00010,,56 samples
1758537570.483,2025-09-22 12:39:30,/dev/ttyUSB1,5,measure,fMeasure,10.00091,,36 samples
1758537630.683,2025-09-22 12:40:30,/dev/ttyUSB1,5,measure,fMeasure,9.99921,,48 samples
1758537690.883,2025-09-22 12:41:30,/dev/ttyUSB1,5,measure,fMeasure,10.00005,,56 samples
1758537750.883,2025-09-22 12:42:30,/dev/ttyUSB1,5,measure,fMeasure,9.99947,,58 samples
1758537811.083,2025-09-22 12:43:31,/dev/ttyUSB1,5,measure,fMeasure,9.99899,,59 samples
1758537871.084,2025-09-22 12:44:31,/dev/ttyUSB1,5,measure,fMeasure,10.00013,,48 samples
1758537931.282,2025-09-22 12:45:31,/dev/ttyUSB1,5,measure,fMeasure,9.99986,,37 samples
1758537991.282,2025-09-22 12:46:31,/dev/ttyUSB1,5,measure,fMeasure,10.00029,,60 samples
1758538051.283,2025-09-22 12:47:31,/dev/ttyUSB1,5,measure,fMeasure,10.00057,,37 samples
1758538111.283,2025-09-22 12:48:31,/dev/ttyUSB1,5,measure,fMeasure,10.00002,,56 samples
1758538171.283,2025-09-22 12:49:31,/dev/ttyUSB1,5,measure,fMeasure,10.00045,,51 samples
1758538231.483,2025-09-22 12:50:31,/dev/ttyUSB1,5,measure,fMeasure,10.00009,,47 samples
1758538291.684,2025-09-22 12:51:31,/dev/ttyUSB1,5,measure,fMeasure,9.99970,,47 samples
1758538351.883,2025-09-22 12:52:31,/dev/ttyUSB1,5,measure,fMeasure,9.99974,,41 samples
1758538412.083,2025-09-22 12:53:32,/dev/ttyUSB1,5,measure,fMeasure,10.00023,,50 samples
1758538472.283,2025-09-22 12:54:32,/dev/ttyUSB1,5,measure,fMeasure,10.00006,,48 samples
1758538532.483,2025-09-22 12:55:32,/dev/ttyUSB1,5,measure,fMeasure,9.99994,,49 samples
1758538592.683,2025-09-22 12:56:32,/dev/ttyUSB1,5,measure,fMeasure,10.00020,,44 samples
1758538652.882,2025-09-22 12:57:32,/dev/ttyUSB1,5,measure,fMeasure,9.99983,,42 samples
1758538712.883,2025-09-22 12:58:32,/dev/ttyUSB1,5,measure,fMeasure,10.00037,,60 samples
1758538773.083,2025-09-22 12:59:33,/dev/ttyUSB1,5,measure,fMeasure,10.00018,,50 samples
1758538833.283,2025-09-22 13:00:33,/dev/ttyUSB1,5,measure,fMeasure,9.99989,,45 samples
1758538893.283,2025-09-22 13:01:33,/dev/ttyUSB1,5,measure,fMeasure,10.00017,,41 samples
1758538953.483,2025-09-22 13:02:33,/dev/ttyUSB1,5,measure,fMeasure,9.99983,,51 samples
1758539013.683,2025-09-22 13:03:33,/dev/ttyUSB1,5,measure,fMeasure,9.99941,,54 samples
1758539073.683,2025-09-22 13:04:33,/dev/ttyUSB1,5,measure,fMeasure,10.00037,,52 samples
1758539133.882,2025-09-22 13:05:33,/dev/ttyUSB1,5,measure,fMeasure,9.99950,,42 samples
1758539193.883,2025-09-22 13:06:33,/dev/ttyUSB1,5,measure,fMeasure,9.99991,,45 samples
1758539254.083,2025-09-22 13:07:34,/dev/ttyUSB1,5,measure,fMeasure,9.99915,,45 samples
1758539314.282,2025-09-22 13:08:34,/dev/ttyUSB1,5,measure,fMeasure,9.99958,,52 samples
1758539374.283,2025-09-22 13:09:34,/dev/ttyUSB1,5,measure,fMeasure,10.00023,,53 samples
1758539434.483,2025-09-22 13:10:34,/dev/ttyUSB1,5,measure,fMeasure,9.99984,,60 samples
1758539494.683,2025-09-22 13:11:34,/dev/ttyUSB1,5,measure,fMeasure,9.99922,,46 samples
1758539554.683,2025-09-22 13:12:34,/dev/ttyUSB1,5,measure,fMeasure,10.00063,,61 samples
1758539614.883,2025-09-22 13:13:34,/dev/ttyUSB1,5,measure,fMeasure,9.99988,,45 samples
1758539675.083,2025-09-22 13:14:35,/dev/ttyUSB1,5,measure,fMeasure,10.00064,,55 samples
1758539735.283,2025-09-22 13:15:35,/dev/ttyUSB1,5,measure,fMeasure,9.99995,,40 samples
1758539795.483,2025-09-22 13:16:35,/dev/ttyUSB1,5,measure,fMeasure,9.99979,,38 samples
1758539855.483,2025-09-22 13:17:35,/dev/ttyUSB1,5,measure,fMeasure,10.00041,,51 samples
1758539915.683,2025-09-22 13:18:35,/dev/ttyUSB1,5,measure,fMeasure,9.99952,,39 samples
1758539975.883,2025-09-22 13:19:35,/dev/ttyUSB1,5,measure,fMeasure,10.00003,,49 samples
1758540035.883,2025-09-22 13:20:35,/dev/ttyUSB1,5,measure,fMeasure,9.99966,,54 samples
1758540096.082,2025-09-22 13:21:36,/dev/ttyUSB1,5,measure,fMeasure,10.00027,,48 samples
1758540156.082,2025-09-22 13:22:36,/dev/ttyUSB1,5,measure,fMeasure,10.00095,,50 samples
1758540216.083,2025-09-22 13:23:36,/dev/ttyUSB1,5,measure,fMeasure,9.99976,,59 samples
1758540276.083,2025-09-22 13:24:36,/dev/ttyUSB1,5,measure,fMeasure,9.99925,,41 samples
1758540336.283,2025-09-22 13:25:36,/dev/ttyUSB1,5,measure,fMeasure,10.00041,,44 samples
1758540396.482,2025-09-22 13:26:36,/dev/ttyUSB1,5,measure,fMeasure,9.99955,,49 samples
1758540456.483,2025-09-22 13:27:36,/dev/ttyUSB1,5,measure,fMeasure,9.99931,,45 samples
1758540516.683,2025-09-22 13:28:36,/dev/ttyUSB1,5,measure,fMeasure,9.99927,,31 samples
1758540576.683,2025-09-22 13:29:36,/dev/ttyUSB1,5,measure,fMeasure,9.99950,,38 samples
1758540636.883,2025-09-22 13:30:36,/dev/ttyUSB1,5,measure,fMeasure,9.99978,,45 samples
1758540696.883,2025-09-22 13:31:36,/dev/ttyUSB1,5,measure,fMeasure,9.99970,,54 samples
1758540757.083,2025-09-22 13:32:37,/dev/ttyUSB1,5,measure,fMeasure,9.99966,,48 samples
1758540817.283,2025-09-22 13:33:37,/dev/ttyUSB1,5,measure,fMeasure,10.00022,,65 samples
1758540877.283,2025-09-22 13:34:37,/dev/ttyUSB1,5,measure,fMeasure,9.99974,,51 samples
1758540937.283,2025-09-22 13:35:37,/dev/ttyUSB1,5,measure,fMeasure,9.99940,,54 samples
1758540997.483,2025-09-22 13:36:37,/dev/ttyUSB1,5,measure,fMeasure,9.99934,,49 samples
1758541057.483,2025-09-22 13:37:37,/dev/ttyUSB1,5,measure,fMeasure,10.00002,,51 samples
1758541117.683,2025-09-22 13:38:37,/dev/ttyUSB1,5,measure,fMeasure,9.99941,,52 samples
1758541177.883,2025-09-22 13:39:37,/dev/ttyUSB1,5,measure,fMeasure,10.00015,,46 samples
1758541238.083,2025-09-22 13:40:38,/dev/ttyUSB1,5,measure,fMeasure,9.99968,,50 samples
1758541298.284,2025-09-22 13:41:38,/dev/ttyUSB1,5,measure,fMeasure,9.99993,,50 samples
1758541358.483,2025-09-22 13:42:38,/dev/ttyUSB1,5,measure,fMeasure,10.00015,,44 samples
1758541418.683,2025-09-22 13:43:38,/dev/ttyUSB1,5,measure,fMeasure,10.00027,,48 samples
1758541478.683,2025-09-22 13:44:38,/dev/ttyUSB1,5,measure,fMeasure,9.99917,,42 samples
1758541538.683,2025-09-22 13:45:38,/dev/ttyUSB1,5,measure,fMeasure,9.99948,,32 samples
1758541598.883,2025-09-22 13:46:38,/dev/ttyUSB1,5,measure,fMeasure,9.99904,,47 samples
1758541658.883,2025-09-22 13:47:38,/dev/ttyUSB1,5,measure,fMeasure,9.99939,,49 samples
1758541719.083,2025-09-22 13:48:39,/dev/ttyUSB1,5,measure,fMeasure,9.99971,,45 samples
1758541779.282,2025-09-22 13:49:39,/dev/ttyUSB1,5,measure,fMeasure,9.99954,,44 samples
1758541839.483,2025-09-22 13:50:39,/dev/ttyUSB1,5,measure,fMeasure,10.00098,,54 samples
1758541899.483,2025-09-22 13:51:39,/dev/ttyUSB1,5,measure,fMeasure,10.00002,,50 samples
1758541959.682,2025-09-22 13:52:39,/dev/ttyUSB1,5,measure,fMeasure,9.99972,,52 samples
1758542019.683,2025-09-22 13:53:39,/dev/ttyUSB1,5,measure,fMeasure,10.00012,,52 samples
1758542079.683,2025-09-22 13:54:39,/dev/ttyUSB1,5,measure,fMeasure,10.00047,,37 samples
1758542139.683,2025-09-22 13:55:39,/dev/ttyUSB1,5,measure,fMeasure,10.00079,,39 samples
1758542199.683,2025-09-22 13:56:39,/dev/ttyUSB1,5,measure,fMeasure,10.00044,,57 samples
1758542259.883,2025-09-22 13:57:39,/dev/ttyUSB1,5,measure,fMeasure,10.00004,,37 samples
1758542319.883,2025-09-22 13:58:39,/dev/ttyUSB1,5,measure,fMeasure,10.00024,,41 samples
1758542379.883,2025-09-22 13:59:39,/dev/ttyUSB1,5,measure,fMeasure,9.99908,,54 samples
1758542440.083,2025-09-22 14:00:40,/dev/ttyUSB1,5,measure,fMeasure,10.00024,,55 samples
1758542500.083,2025-09-22 14:01:40,/dev/ttyUSB1,5,measure,fMeasure,9.99976,,47 samples
1758542560.283,2025-09-22 14:02:40,/dev/ttyUSB1,5,measure,fMeasure,10.00010,,52 samples
1758542620.482,2025-09-22 14:03:40,/dev/ttyUSB1,5,measure,fMeasure,10.00021,,49 samples
1758542680.683,2025-09-22 14:04:40,/dev/ttyUSB1,5,measure,fMeasure,9.99982,,63 samples
1758542740.883,2025-09-22 14:05:40,/dev/ttyUSB1,5,measure,fMeasure,10.00047,,42 samples
1758542800.883,2025-09-22 14:06:40,/dev/ttyUSB1,5,measure,fMeasure,10.00023,,52 samples
1758542861.083,2025-09-22 14:07:41,/dev/ttyUSB1,5,measure,fMeasure,10.00033,,52 samples
1758542921.083,2025-09-22 14:08:41,/dev/ttyUSB1,5,measure,fMeasure,9.99977,,41 samples
1758542981.283,2025-09-22 14:09:41,/dev/ttyUSB1,5,measure,fMeasure,10.00004,,40 samples
1758543041.283,2025-09-22 14:10:41,/dev/ttyUSB1,5,measure,fMeasure,10.00035,,48 samples
1758543068.485,2025-09-22 14:11:08,/dev/ttyUSB1,5,setpoint,fSetpoint,12.0,,
1758543101.483,2025-09-22 14:11:41,/dev/ttyUSB1,5,measure,fMeasure,11.06896,,49 samples
1758543161.683,2025-09-22 14:12:41,/dev/ttyUSB1,5,measure,fMeasure,12.00012,,61 samples
1758543221.883,2025-09-22 14:13:41,/dev/ttyUSB1,5,measure,fMeasure,11.99944,,45 samples
1758543281.883,2025-09-22 14:14:41,/dev/ttyUSB1,5,measure,fMeasure,11.99988,,46 samples
1758543342.083,2025-09-22 14:15:42,/dev/ttyUSB1,5,measure,fMeasure,11.99915,,53 samples
1758543402.083,2025-09-22 14:16:42,/dev/ttyUSB1,5,measure,fMeasure,11.99972,,48 samples
1758543462.283,2025-09-22 14:17:42,/dev/ttyUSB1,5,measure,fMeasure,11.99960,,51 samples
1758543522.483,2025-09-22 14:18:42,/dev/ttyUSB1,5,measure,fMeasure,12.00007,,44 samples
1758543582.682,2025-09-22 14:19:42,/dev/ttyUSB1,5,measure,fMeasure,12.00000,,53 samples
1758543642.683,2025-09-22 14:20:42,/dev/ttyUSB1,5,measure,fMeasure,11.99903,,53 samples
1758543702.683,2025-09-22 14:21:42,/dev/ttyUSB1,5,measure,fMeasure,12.00020,,53 samples
1758543762.683,2025-09-22 14:22:42,/dev/ttyUSB1,5,measure,fMeasure,11.99970,,40 samples
1758543822.884,2025-09-22 14:23:42,/dev/ttyUSB1,5,measure,fMeasure,11.99918,,54 samples
1758543883.084,2025-09-22 14:24:43,/dev/ttyUSB1,5,measure,fMeasure,11.99962,,42 samples
1758543943.284,2025-09-22 14:25:43,/dev/ttyUSB1,5,measure,fMeasure,11.99978,,37 samples
1758544003.482,2025-09-22 14:26:43,/dev/ttyUSB1,5,measure,fMeasure,11.99969,,53 samples
1758544063.483,2025-09-22 14:27:43,/dev/ttyUSB1,5,measure,fMeasure,11.99750,,58 samples
1758544123.683,2025-09-22 14:28:43,/dev/ttyUSB1,5,measure,fMeasure,11.99981,,53 samples
1758544183.883,2025-09-22 14:29:43,/dev/ttyUSB1,5,measure,fMeasure,12.00041,,57 samples
1758544244.083,2025-09-22 14:30:44,/dev/ttyUSB1,5,measure,fMeasure,12.00136,,41 samples
1758544304.282,2025-09-22 14:31:44,/dev/ttyUSB1,5,measure,fMeasure,11.99996,,50 samples
1758544364.283,2025-09-22 14:32:44,/dev/ttyUSB1,5,measure,fMeasure,12.00029,,44 samples
1758544424.484,2025-09-22 14:33:44,/dev/ttyUSB1,5,measure,fMeasure,11.99922,,47 samples
1758544484.683,2025-09-22 14:34:44,/dev/ttyUSB1,5,measure,fMeasure,12.00013,,41 samples
1758544544.882,2025-09-22 14:35:44,/dev/ttyUSB1,5,measure,fMeasure,12.00033,,50 samples
1758544604.884,2025-09-22 14:36:44,/dev/ttyUSB1,5,measure,fMeasure,11.99924,,50 samples
1758544665.083,2025-09-22 14:37:45,/dev/ttyUSB1,5,measure,fMeasure,12.00010,,42 samples
1758544725.084,2025-09-22 14:38:45,/dev/ttyUSB1,5,measure,fMeasure,11.99992,,58 samples
1758544785.283,2025-09-22 14:39:45,/dev/ttyUSB1,5,measure,fMeasure,11.99938,,52 samples
1758544845.285,2025-09-22 14:40:45,/dev/ttyUSB1,5,measure,fMeasure,12.00030,,57 samples
1758544905.483,2025-09-22 14:41:45,/dev/ttyUSB1,5,measure,fMeasure,12.00035,,50 samples
1758544965.682,2025-09-22 14:42:45,/dev/ttyUSB1,5,measure,fMeasure,11.99984,,68 samples
1758545025.683,2025-09-22 14:43:45,/dev/ttyUSB1,5,measure,fMeasure,11.99938,,50 samples
1758545085.883,2025-09-22 14:44:45,/dev/ttyUSB1,5,measure,fMeasure,12.00070,,49 samples
1758545146.083,2025-09-22 14:45:46,/dev/ttyUSB1,5,measure,fMeasure,12.00014,,32 samples
1758545206.283,2025-09-22 14:46:46,/dev/ttyUSB1,5,measure,fMeasure,11.99956,,50 samples
